ds,y,yhat1,yhat2,yhat3,yhat4,yhat5,yhat6,yhat7,yhat8,yhat9,yhat10,yhat11,yhat12,yhat1 20.0%,yhat2 20.0%,yhat3 20.0%,yhat4 20.0%,yhat5 20.0%,yhat6 20.0%,yhat7 20.0%,yhat8 20.0%,yhat9 20.0%,yhat10 20.0%,yhat11 20.0%,yhat12 20.0%,yhat1 80.0%,yhat2 80.0%,yhat3 80.0%,yhat4 80.0%,yhat5 80.0%,yhat6 80.0%,yhat7 80.0%,yhat8 80.0%,yhat9 80.0%,yhat10 80.0%,yhat11 80.0%,yhat12 80.0%,ar1,ar2,ar3,ar4,ar5,ar6,ar7,ar8,ar9,ar10,ar11,ar12,lagged_regressor_Stretcher Pts hrly1,lagged_regressor_Stretcher Pts hrly2,lagged_regressor_Stretcher Pts hrly3,lagged_regressor_Stretcher Pts hrly4,lagged_regressor_Stretcher Pts hrly5,lagged_regressor_Stretcher Pts hrly6,lagged_regressor_Stretcher Pts hrly7,lagged_regressor_Stretcher Pts hrly8,lagged_regressor_Stretcher Pts hrly9,lagged_regressor_Stretcher Pts hrly10,lagged_regressor_Stretcher Pts hrly11,lagged_regressor_Stretcher Pts hrly12,lagged_regressor_Stretcher Pts cum1,lagged_regressor_Stretcher Pts cum2,lagged_regressor_Stretcher Pts cum3,lagged_regressor_Stretcher Pts cum4,lagged_regressor_Stretcher Pts cum5,lagged_regressor_Stretcher Pts cum6,lagged_regressor_Stretcher Pts cum7,lagged_regressor_Stretcher Pts cum8,lagged_regressor_Stretcher Pts cum9,lagged_regressor_Stretcher Pts cum10,lagged_regressor_Stretcher Pts cum11,lagged_regressor_Stretcher Pts cum12,lagged_regressor_Ambulatory Pts hrly1,lagged_regressor_Ambulatory Pts hrly2,lagged_regressor_Ambulatory Pts hrly3,lagged_regressor_Ambulatory Pts hrly4,lagged_regressor_Ambulatory Pts hrly5,lagged_regressor_Ambulatory Pts hrly6,lagged_regressor_Ambulatory Pts hrly7,lagged_regressor_Ambulatory Pts hrly8,lagged_regressor_Ambulatory Pts hrly9,lagged_regressor_Ambulatory Pts hrly10,lagged_regressor_Ambulatory Pts hrly11,lagged_regressor_Ambulatory Pts hrly12,lagged_regressor_Ambulatory Pts cum1,lagged_regressor_Ambulatory Pts cum2,lagged_regressor_Ambulatory Pts cum3,lagged_regressor_Ambulatory Pts cum4,lagged_regressor_Ambulatory Pts cum5,lagged_regressor_Ambulatory Pts cum6,lagged_regressor_Ambulatory Pts cum7,lagged_regressor_Ambulatory Pts cum8,lagged_regressor_Ambulatory Pts cum9,lagged_regressor_Ambulatory Pts cum10,lagged_regressor_Ambulatory Pts cum11,lagged_regressor_Ambulatory Pts cum12,lagged_regressor_Total Inflow cum1,lagged_regressor_Total Inflow cum2,lagged_regressor_Total Inflow cum3,lagged_regressor_Total Inflow cum4,lagged_regressor_Total Inflow cum5,lagged_regressor_Total Inflow cum6,lagged_regressor_Total Inflow cum7,lagged_regressor_Total Inflow cum8,lagged_regressor_Total Inflow cum9,lagged_regressor_Total Inflow cum10,lagged_regressor_Total Inflow cum11,lagged_regressor_Total Inflow cum12,lagged_regressor_Ambulances hrly1,lagged_regressor_Ambulances hrly2,lagged_regressor_Ambulances hrly3,lagged_regressor_Ambulances hrly4,lagged_regressor_Ambulances hrly5,lagged_regressor_Ambulances hrly6,lagged_regressor_Ambulances hrly7,lagged_regressor_Ambulances hrly8,lagged_regressor_Ambulances hrly9,lagged_regressor_Ambulances hrly10,lagged_regressor_Ambulances hrly11,lagged_regressor_Ambulances hrly12,lagged_regressor_Ambulances cum1,lagged_regressor_Ambulances cum2,lagged_regressor_Ambulances cum3,lagged_regressor_Ambulances cum4,lagged_regressor_Ambulances cum5,lagged_regressor_Ambulances cum6,lagged_regressor_Ambulances cum7,lagged_regressor_Ambulances cum8,lagged_regressor_Ambulances cum9,lagged_regressor_Ambulances cum10,lagged_regressor_Ambulances cum11,lagged_regressor_Ambulances cum12,lagged_regressor_FLS hrly1,lagged_regressor_FLS hrly2,lagged_regressor_FLS hrly3,lagged_regressor_FLS hrly4,lagged_regressor_FLS hrly5,lagged_regressor_FLS hrly6,lagged_regressor_FLS hrly7,lagged_regressor_FLS hrly8,lagged_regressor_FLS hrly9,lagged_regressor_FLS hrly10,lagged_regressor_FLS hrly11,lagged_regressor_FLS hrly12,lagged_regressor_Adm requests cum1,lagged_regressor_Adm requests cum2,lagged_regressor_Adm requests cum3,lagged_regressor_Adm requests cum4,lagged_regressor_Adm requests cum5,lagged_regressor_Adm requests cum6,lagged_regressor_Adm requests cum7,lagged_regressor_Adm requests cum8,lagged_regressor_Adm requests cum9,lagged_regressor_Adm requests cum10,lagged_regressor_Adm requests cum11,lagged_regressor_Adm requests cum12,lagged_regressor_Admissions cum1,lagged_regressor_Admissions cum2,lagged_regressor_Admissions cum3,lagged_regressor_Admissions cum4,lagged_regressor_Admissions cum5,lagged_regressor_Admissions cum6,lagged_regressor_Admissions cum7,lagged_regressor_Admissions cum8,lagged_regressor_Admissions cum9,lagged_regressor_Admissions cum10,lagged_regressor_Admissions cum11,lagged_regressor_Admissions cum12,lagged_regressor_Pts waiting for admission CUM1,lagged_regressor_Pts waiting for admission CUM2,lagged_regressor_Pts waiting for admission CUM3,lagged_regressor_Pts waiting for admission CUM4,lagged_regressor_Pts waiting for admission CUM5,lagged_regressor_Pts waiting for admission CUM6,lagged_regressor_Pts waiting for admission CUM7,lagged_regressor_Pts waiting for admission CUM8,lagged_regressor_Pts waiting for admission CUM9,lagged_regressor_Pts waiting for admission CUM10,lagged_regressor_Pts waiting for admission CUM11,lagged_regressor_Pts waiting for admission CUM12,lagged_regressor_Total Stretcher pts1,lagged_regressor_Total Stretcher pts2,lagged_regressor_Total Stretcher pts3,lagged_regressor_Total Stretcher pts4,lagged_regressor_Total Stretcher pts5,lagged_regressor_Total Stretcher pts6,lagged_regressor_Total Stretcher pts7,lagged_regressor_Total Stretcher pts8,lagged_regressor_Total Stretcher pts9,lagged_regressor_Total Stretcher pts10,lagged_regressor_Total Stretcher pts11,lagged_regressor_Total Stretcher pts12,lagged_regressor_Triage hallway pts1,lagged_regressor_Triage hallway pts2,lagged_regressor_Triage hallway pts3,lagged_regressor_Triage hallway pts4,lagged_regressor_Triage hallway pts5,lagged_regressor_Triage hallway pts6,lagged_regressor_Triage hallway pts7,lagged_regressor_Triage hallway pts8,lagged_regressor_Triage hallway pts9,lagged_regressor_Triage hallway pts10,lagged_regressor_Triage hallway pts11,lagged_regressor_Triage hallway pts12,lagged_regressor_Triage hallway pts TBS1,lagged_regressor_Triage hallway pts TBS2,lagged_regressor_Triage hallway pts TBS3,lagged_regressor_Triage hallway pts TBS4,lagged_regressor_Triage hallway pts TBS5,lagged_regressor_Triage hallway pts TBS6,lagged_regressor_Triage hallway pts TBS7,lagged_regressor_Triage hallway pts TBS8,lagged_regressor_Triage hallway pts TBS9,lagged_regressor_Triage hallway pts TBS10,lagged_regressor_Triage hallway pts TBS11,lagged_regressor_Triage hallway pts TBS12,lagged_regressor_Re-Oriented Nurse cum1,lagged_regressor_Re-Oriented Nurse cum2,lagged_regressor_Re-Oriented Nurse cum3,lagged_regressor_Re-Oriented Nurse cum4,lagged_regressor_Re-Oriented Nurse cum5,lagged_regressor_Re-Oriented Nurse cum6,lagged_regressor_Re-Oriented Nurse cum7,lagged_regressor_Re-Oriented Nurse cum8,lagged_regressor_Re-Oriented Nurse cum9,lagged_regressor_Re-Oriented Nurse cum10,lagged_regressor_Re-Oriented Nurse cum11,lagged_regressor_Re-Oriented Nurse cum12,lagged_regressor_Re-Oriented MD QTrack D/C1,lagged_regressor_Re-Oriented MD QTrack D/C2,lagged_regressor_Re-Oriented MD QTrack D/C3,lagged_regressor_Re-Oriented MD QTrack D/C4,lagged_regressor_Re-Oriented MD QTrack D/C5,lagged_regressor_Re-Oriented MD QTrack D/C6,lagged_regressor_Re-Oriented MD QTrack D/C7,lagged_regressor_Re-Oriented MD QTrack D/C8,lagged_regressor_Re-Oriented MD QTrack D/C9,lagged_regressor_Re-Oriented MD QTrack D/C10,lagged_regressor_Re-Oriented MD QTrack D/C11,lagged_regressor_Re-Oriented MD QTrack D/C12,lagged_regressor_Re-Oriented MD QTrack NotD/C1,lagged_regressor_Re-Oriented MD QTrack NotD/C2,lagged_regressor_Re-Oriented MD QTrack NotD/C3,lagged_regressor_Re-Oriented MD QTrack NotD/C4,lagged_regressor_Re-Oriented MD QTrack NotD/C5,lagged_regressor_Re-Oriented MD QTrack NotD/C6,lagged_regressor_Re-Oriented MD QTrack NotD/C7,lagged_regressor_Re-Oriented MD QTrack NotD/C8,lagged_regressor_Re-Oriented MD QTrack NotD/C9,lagged_regressor_Re-Oriented MD QTrack NotD/C10,lagged_regressor_Re-Oriented MD QTrack NotD/C11,lagged_regressor_Re-Oriented MD QTrack NotD/C12,lagged_regressor_Resus Pts1,lagged_regressor_Resus Pts2,lagged_regressor_Resus Pts3,lagged_regressor_Resus Pts4,lagged_regressor_Resus Pts5,lagged_regressor_Resus Pts6,lagged_regressor_Resus Pts7,lagged_regressor_Resus Pts8,lagged_regressor_Resus Pts9,lagged_regressor_Resus Pts10,lagged_regressor_Resus Pts11,lagged_regressor_Resus Pts12,lagged_regressor_Totalpts in PODs except Psych1,lagged_regressor_Totalpts in PODs except Psych2,lagged_regressor_Totalpts in PODs except Psych3,lagged_regressor_Totalpts in PODs except Psych4,lagged_regressor_Totalpts in PODs except Psych5,lagged_regressor_Totalpts in PODs except Psych6,lagged_regressor_Totalpts in PODs except Psych7,lagged_regressor_Totalpts in PODs except Psych8,lagged_regressor_Totalpts in PODs except Psych9,lagged_regressor_Totalpts in PODs except Psych10,lagged_regressor_Totalpts in PODs except Psych11,lagged_regressor_Totalpts in PODs except Psych12,lagged_regressor_Green Pts1,lagged_regressor_Green Pts2,lagged_regressor_Green Pts3,lagged_regressor_Green Pts4,lagged_regressor_Green Pts5,lagged_regressor_Green Pts6,lagged_regressor_Green Pts7,lagged_regressor_Green Pts8,lagged_regressor_Green Pts9,lagged_regressor_Green Pts10,lagged_regressor_Green Pts11,lagged_regressor_Green Pts12,lagged_regressor_Green Pts TBS1,lagged_regressor_Green Pts TBS2,lagged_regressor_Green Pts TBS3,lagged_regressor_Green Pts TBS4,lagged_regressor_Green Pts TBS5,lagged_regressor_Green Pts TBS6,lagged_regressor_Green Pts TBS7,lagged_regressor_Green Pts TBS8,lagged_regressor_Green Pts TBS9,lagged_regressor_Green Pts TBS10,lagged_regressor_Green Pts TBS11,lagged_regressor_Green Pts TBS12,lagged_regressor_Yellow PTS1,lagged_regressor_Yellow PTS2,lagged_regressor_Yellow PTS3,lagged_regressor_Yellow PTS4,lagged_regressor_Yellow PTS5,lagged_regressor_Yellow PTS6,lagged_regressor_Yellow PTS7,lagged_regressor_Yellow PTS8,lagged_regressor_Yellow PTS9,lagged_regressor_Yellow PTS10,lagged_regressor_Yellow PTS11,lagged_regressor_Yellow PTS12,lagged_regressor_Yellow Pts TBS1,lagged_regressor_Yellow Pts TBS2,lagged_regressor_Yellow Pts TBS3,lagged_regressor_Yellow Pts TBS4,lagged_regressor_Yellow Pts TBS5,lagged_regressor_Yellow Pts TBS6,lagged_regressor_Yellow Pts TBS7,lagged_regressor_Yellow Pts TBS8,lagged_regressor_Yellow Pts TBS9,lagged_regressor_Yellow Pts TBS10,lagged_regressor_Yellow Pts TBS11,lagged_regressor_Yellow Pts TBS12,lagged_regressor_Orancge Pts except psych1,lagged_regressor_Orancge Pts except psych2,lagged_regressor_Orancge Pts except psych3,lagged_regressor_Orancge Pts except psych4,lagged_regressor_Orancge Pts except psych5,lagged_regressor_Orancge Pts except psych6,lagged_regressor_Orancge Pts except psych7,lagged_regressor_Orancge Pts except psych8,lagged_regressor_Orancge Pts except psych9,lagged_regressor_Orancge Pts except psych10,lagged_regressor_Orancge Pts except psych11,lagged_regressor_Orancge Pts except psych12,lagged_regressor_Orange Pts TBS1,lagged_regressor_Orange Pts TBS2,lagged_regressor_Orange Pts TBS3,lagged_regressor_Orange Pts TBS4,lagged_regressor_Orange Pts TBS5,lagged_regressor_Orange Pts TBS6,lagged_regressor_Orange Pts TBS7,lagged_regressor_Orange Pts TBS8,lagged_regressor_Orange Pts TBS9,lagged_regressor_Orange Pts TBS10,lagged_regressor_Orange Pts TBS11,lagged_regressor_Orange Pts TBS12,lagged_regressor_Consults > 2h in PODS except IM1,lagged_regressor_Consults > 2h in PODS except IM2,lagged_regressor_Consults > 2h in PODS except IM3,lagged_regressor_Consults > 2h in PODS except IM4,lagged_regressor_Consults > 2h in PODS except IM5,lagged_regressor_Consults > 2h in PODS except IM6,lagged_regressor_Consults > 2h in PODS except IM7,lagged_regressor_Consults > 2h in PODS except IM8,lagged_regressor_Consults > 2h in PODS except IM9,lagged_regressor_Consults > 2h in PODS except IM10,lagged_regressor_Consults > 2h in PODS except IM11,lagged_regressor_Consults > 2h in PODS except IM12,lagged_regressor_Consult for IM >4h in PODS1,lagged_regressor_Consult for IM >4h in PODS2,lagged_regressor_Consult for IM >4h in PODS3,lagged_regressor_Consult for IM >4h in PODS4,lagged_regressor_Consult for IM >4h in PODS5,lagged_regressor_Consult for IM >4h in PODS6,lagged_regressor_Consult for IM >4h in PODS7,lagged_regressor_Consult for IM >4h in PODS8,lagged_regressor_Consult for IM >4h in PODS9,lagged_regressor_Consult for IM >4h in PODS10,lagged_regressor_Consult for IM >4h in PODS11,lagged_regressor_Consult for IM >4h in PODS12,lagged_regressor_Plain films reqs > 2 h in PODs1,lagged_regressor_Plain films reqs > 2 h in PODs2,lagged_regressor_Plain films reqs > 2 h in PODs3,lagged_regressor_Plain films reqs > 2 h in PODs4,lagged_regressor_Plain films reqs > 2 h in PODs5,lagged_regressor_Plain films reqs > 2 h in PODs6,lagged_regressor_Plain films reqs > 2 h in PODs7,lagged_regressor_Plain films reqs > 2 h in PODs8,lagged_regressor_Plain films reqs > 2 h in PODs9,lagged_regressor_Plain films reqs > 2 h in PODs10,lagged_regressor_Plain films reqs > 2 h in PODs11,lagged_regressor_Plain films reqs > 2 h in PODs12,lagged_regressor_CTs reqs > 2 h in PODs1,lagged_regressor_CTs reqs > 2 h in PODs2,lagged_regressor_CTs reqs > 2 h in PODs3,lagged_regressor_CTs reqs > 2 h in PODs4,lagged_regressor_CTs reqs > 2 h in PODs5,lagged_regressor_CTs reqs > 2 h in PODs6,lagged_regressor_CTs reqs > 2 h in PODs7,lagged_regressor_CTs reqs > 2 h in PODs8,lagged_regressor_CTs reqs > 2 h in PODs9,lagged_regressor_CTs reqs > 2 h in PODs10,lagged_regressor_CTs reqs > 2 h in PODs11,lagged_regressor_CTs reqs > 2 h in PODs12,lagged_regressor_Post POD (Family room)1,lagged_regressor_Post POD (Family room)2,lagged_regressor_Post POD (Family room)3,lagged_regressor_Post POD (Family room)4,lagged_regressor_Post POD (Family room)5,lagged_regressor_Post POD (Family room)6,lagged_regressor_Post POD (Family room)7,lagged_regressor_Post POD (Family room)8,lagged_regressor_Post POD (Family room)9,lagged_regressor_Post POD (Family room)10,lagged_regressor_Post POD (Family room)11,lagged_regressor_Post POD (Family room)12,lagged_regressor_Stretcher Pts in Vertical1,lagged_regressor_Stretcher Pts in Vertical2,lagged_regressor_Stretcher Pts in Vertical3,lagged_regressor_Stretcher Pts in Vertical4,lagged_regressor_Stretcher Pts in Vertical5,lagged_regressor_Stretcher Pts in Vertical6,lagged_regressor_Stretcher Pts in Vertical7,lagged_regressor_Stretcher Pts in Vertical8,lagged_regressor_Stretcher Pts in Vertical9,lagged_regressor_Stretcher Pts in Vertical10,lagged_regressor_Stretcher Pts in Vertical11,lagged_regressor_Stretcher Pts in Vertical12,lagged_regressor_Stretcher Pts TBS in Vertical1,lagged_regressor_Stretcher Pts TBS in Vertical2,lagged_regressor_Stretcher Pts TBS in Vertical3,lagged_regressor_Stretcher Pts TBS in Vertical4,lagged_regressor_Stretcher Pts TBS in Vertical5,lagged_regressor_Stretcher Pts TBS in Vertical6,lagged_regressor_Stretcher Pts TBS in Vertical7,lagged_regressor_Stretcher Pts TBS in Vertical8,lagged_regressor_Stretcher Pts TBS in Vertical9,lagged_regressor_Stretcher Pts TBS in Vertical10,lagged_regressor_Stretcher Pts TBS in Vertical11,lagged_regressor_Stretcher Pts TBS in Vertical12,lagged_regressor_Stretcher Pts in Vertical on Lazyboy1,lagged_regressor_Stretcher Pts in Vertical on Lazyboy2,lagged_regressor_Stretcher Pts in Vertical on Lazyboy3,lagged_regressor_Stretcher Pts in Vertical on Lazyboy4,lagged_regressor_Stretcher Pts in Vertical on Lazyboy5,lagged_regressor_Stretcher Pts in Vertical on Lazyboy6,lagged_regressor_Stretcher Pts in Vertical on Lazyboy7,lagged_regressor_Stretcher Pts in Vertical on Lazyboy8,lagged_regressor_Stretcher Pts in Vertical on Lazyboy9,lagged_regressor_Stretcher Pts in Vertical on Lazyboy10,lagged_regressor_Stretcher Pts in Vertical on Lazyboy11,lagged_regressor_Stretcher Pts in Vertical on Lazyboy12,lagged_regressor_Vertical Pts Waiting for Results1,lagged_regressor_Vertical Pts Waiting for Results2,lagged_regressor_Vertical Pts Waiting for Results3,lagged_regressor_Vertical Pts Waiting for Results4,lagged_regressor_Vertical Pts Waiting for Results5,lagged_regressor_Vertical Pts Waiting for Results6,lagged_regressor_Vertical Pts Waiting for Results7,lagged_regressor_Vertical Pts Waiting for Results8,lagged_regressor_Vertical Pts Waiting for Results9,lagged_regressor_Vertical Pts Waiting for Results10,lagged_regressor_Vertical Pts Waiting for Results11,lagged_regressor_Vertical Pts Waiting for Results12,lagged_regressor_Ambulatory Pts in Vertical1,lagged_regressor_Ambulatory Pts in Vertical2,lagged_regressor_Ambulatory Pts in Vertical3,lagged_regressor_Ambulatory Pts in Vertical4,lagged_regressor_Ambulatory Pts in Vertical5,lagged_regressor_Ambulatory Pts in Vertical6,lagged_regressor_Ambulatory Pts in Vertical7,lagged_regressor_Ambulatory Pts in Vertical8,lagged_regressor_Ambulatory Pts in Vertical9,lagged_regressor_Ambulatory Pts in Vertical10,lagged_regressor_Ambulatory Pts in Vertical11,lagged_regressor_Ambulatory Pts in Vertical12,lagged_regressor_Ambulatory Pts TBS in Vertical1,lagged_regressor_Ambulatory Pts TBS in Vertical2,lagged_regressor_Ambulatory Pts TBS in Vertical3,lagged_regressor_Ambulatory Pts TBS in Vertical4,lagged_regressor_Ambulatory Pts TBS in Vertical5,lagged_regressor_Ambulatory Pts TBS in Vertical6,lagged_regressor_Ambulatory Pts TBS in Vertical7,lagged_regressor_Ambulatory Pts TBS in Vertical8,lagged_regressor_Ambulatory Pts TBS in Vertical9,lagged_regressor_Ambulatory Pts TBS in Vertical10,lagged_regressor_Ambulatory Pts TBS in Vertical11,lagged_regressor_Ambulatory Pts TBS in Vertical12,lagged_regressor_QTrack Patients TBS1,lagged_regressor_QTrack Patients TBS2,lagged_regressor_QTrack Patients TBS3,lagged_regressor_QTrack Patients TBS4,lagged_regressor_QTrack Patients TBS5,lagged_regressor_QTrack Patients TBS6,lagged_regressor_QTrack Patients TBS7,lagged_regressor_QTrack Patients TBS8,lagged_regressor_QTrack Patients TBS9,lagged_regressor_QTrack Patients TBS10,lagged_regressor_QTrack Patients TBS11,lagged_regressor_QTrack Patients TBS12,lagged_regressor_GARAGE patient TBS1,lagged_regressor_GARAGE patient TBS2,lagged_regressor_GARAGE patient TBS3,lagged_regressor_GARAGE patient TBS4,lagged_regressor_GARAGE patient TBS5,lagged_regressor_GARAGE patient TBS6,lagged_regressor_GARAGE patient TBS7,lagged_regressor_GARAGE patient TBS8,lagged_regressor_GARAGE patient TBS9,lagged_regressor_GARAGE patient TBS10,lagged_regressor_GARAGE patient TBS11,lagged_regressor_GARAGE patient TBS12,lagged_regressor_Consults > 2h in Vertical Except IM1,lagged_regressor_Consults > 2h in Vertical Except IM2,lagged_regressor_Consults > 2h in Vertical Except IM3,lagged_regressor_Consults > 2h in Vertical Except IM4,lagged_regressor_Consults > 2h in Vertical Except IM5,lagged_regressor_Consults > 2h in Vertical Except IM6,lagged_regressor_Consults > 2h in Vertical Except IM7,lagged_regressor_Consults > 2h in Vertical Except IM8,lagged_regressor_Consults > 2h in Vertical Except IM9,lagged_regressor_Consults > 2h in Vertical Except IM10,lagged_regressor_Consults > 2h in Vertical Except IM11,lagged_regressor_Consults > 2h in Vertical Except IM12,lagged_regressor_Consult for IM >4h in Vertical1,lagged_regressor_Consult for IM >4h in Vertical2,lagged_regressor_Consult for IM >4h in Vertical3,lagged_regressor_Consult for IM >4h in Vertical4,lagged_regressor_Consult for IM >4h in Vertical5,lagged_regressor_Consult for IM >4h in Vertical6,lagged_regressor_Consult for IM >4h in Vertical7,lagged_regressor_Consult for IM >4h in Vertical8,lagged_regressor_Consult for IM >4h in Vertical9,lagged_regressor_Consult for IM >4h in Vertical10,lagged_regressor_Consult for IM >4h in Vertical11,lagged_regressor_Consult for IM >4h in Vertical12,lagged_regressor_Plain films reqs > 2 hr in Vertical1,lagged_regressor_Plain films reqs > 2 hr in Vertical2,lagged_regressor_Plain films reqs > 2 hr in Vertical3,lagged_regressor_Plain films reqs > 2 hr in Vertical4,lagged_regressor_Plain films reqs > 2 hr in Vertical5,lagged_regressor_Plain films reqs > 2 hr in Vertical6,lagged_regressor_Plain films reqs > 2 hr in Vertical7,lagged_regressor_Plain films reqs > 2 hr in Vertical8,lagged_regressor_Plain films reqs > 2 hr in Vertical9,lagged_regressor_Plain films reqs > 2 hr in Vertical10,lagged_regressor_Plain films reqs > 2 hr in Vertical11,lagged_regressor_Plain films reqs > 2 hr in Vertical12,lagged_regressor_CTs reqs > 2 hrs in Vertical1,lagged_regressor_CTs reqs > 2 hrs in Vertical2,lagged_regressor_CTs reqs > 2 hrs in Vertical3,lagged_regressor_CTs reqs > 2 hrs in Vertical4,lagged_regressor_CTs reqs > 2 hrs in Vertical5,lagged_regressor_CTs reqs > 2 hrs in Vertical6,lagged_regressor_CTs reqs > 2 hrs in Vertical7,lagged_regressor_CTs reqs > 2 hrs in Vertical8,lagged_regressor_CTs reqs > 2 hrs in Vertical9,lagged_regressor_CTs reqs > 2 hrs in Vertical10,lagged_regressor_CTs reqs > 2 hrs in Vertical11,lagged_regressor_CTs reqs > 2 hrs in Vertical12,lagged_regressor_Psych Stretcher Pts1pt1,lagged_regressor_Psych Stretcher Pts1pt2,lagged_regressor_Psych Stretcher Pts1pt3,lagged_regressor_Psych Stretcher Pts1pt4,lagged_regressor_Psych Stretcher Pts1pt5,lagged_regressor_Psych Stretcher Pts1pt6,lagged_regressor_Psych Stretcher Pts1pt7,lagged_regressor_Psych Stretcher Pts1pt8,lagged_regressor_Psych Stretcher Pts1pt9,lagged_regressor_Psych Stretcher Pts1pt10,lagged_regressor_Psych Stretcher Pts1pt11,lagged_regressor_Psych Stretcher Pts1pt12,lagged_regressor_Psych pts waiting for admission1,lagged_regressor_Psych pts waiting for admission2,lagged_regressor_Psych pts waiting for admission3,lagged_regressor_Psych pts waiting for admission4,lagged_regressor_Psych pts waiting for admission5,lagged_regressor_Psych pts waiting for admission6,lagged_regressor_Psych pts waiting for admission7,lagged_regressor_Psych pts waiting for admission8,lagged_regressor_Psych pts waiting for admission9,lagged_regressor_Psych pts waiting for admission10,lagged_regressor_Psych pts waiting for admission11,lagged_regressor_Psych pts waiting for admission12,lagged_regressor_Total Pod TBS1,lagged_regressor_Total Pod TBS2,lagged_regressor_Total Pod TBS3,lagged_regressor_Total Pod TBS4,lagged_regressor_Total Pod TBS5,lagged_regressor_Total Pod TBS6,lagged_regressor_Total Pod TBS7,lagged_regressor_Total Pod TBS8,lagged_regressor_Total Pod TBS9,lagged_regressor_Total Pod TBS10,lagged_regressor_Total Pod TBS11,lagged_regressor_Total Pod TBS12,lagged_regressor_Total Vertical TBS1,lagged_regressor_Total Vertical TBS2,lagged_regressor_Total Vertical TBS3,lagged_regressor_Total Vertical TBS4,lagged_regressor_Total Vertical TBS5,lagged_regressor_Total Vertical TBS6,lagged_regressor_Total Vertical TBS7,lagged_regressor_Total Vertical TBS8,lagged_regressor_Total Vertical TBS9,lagged_regressor_Total Vertical TBS10,lagged_regressor_Total Vertical TBS11,lagged_regressor_Total Vertical TBS12,trend,season_yearly,season_weekly,season_daily,events_additive,event_Boxing Day,event_Boxing Day (Observed),event_Canada Day,event_Canada Day (Observed),event_Christmas Day,event_Christmas Day (Observed),event_Civic Holiday,event_Easter Monday,event_Family Day,event_Good Friday,event_Labour Day,event_New Year's Day,event_New Year's Day (Observed),event_Thanksgiving,event_Victoria Day
2023-01-27 23:00:00,,6.181927680969238,,,,,,,,,,,,5.930180072784424,,,,,,,,,,,,8.370150566101074,,,,,,,,,,,,13.958608627319336,,,,,,,,,,,,-6.928339004516602,,,,,,,,,,,,4.414569854736328,,,,,,,,,,,,-4.644307613372803,,,,,,,,,,,,4.597175598144531,,,,,,,,,,,,-9.885025024414062,,,,,,,,,,,,0.059904828667640686,,,,,,,,,,,,-0.48047810792922974,,,,,,,,,,,,7.272439688676968e-05,,,,,,,,,,,,-0.17277002334594727,,,,,,,,,,,,0.36755651235580444,,,,,,,,,,,,0.4169122874736786,,,,,,,,,,,,10.728182792663574,,,,,,,,,,,,0.0,,,,,,,,,,,,0.0,,,,,,,,,,,,0.17845675349235535,,,,,,,,,,,,-0.08269727975130081,,,,,,,,,,,,0.015414719469845295,,,,,,,,,,,,-0.9016391038894653,,,,,,,,,,,,-15.471376419067383,,,,,,,,,,,,4.19744873046875,,,,,,,,,,,,2.676435947418213,,,,,,,,,,,,2.2915287017822266,,,,,,,,,,,,2.414198875427246,,,,,,,,,,,,2.42867112159729,,,,,,,,,,,,5.254110813140869,,,,,,,,,,,,0.014365236274898052,,,,,,,,,,,,0.0,,,,,,,,,,,,0.09836046397686005,,,,,,,,,,,,0.046629998832941055,,,,,,,,,,,,0.0,,,,,,,,,,,,-2.844032049179077,,,,,,,,,,,,0.0,,,,,,,,,,,,-0.035398174077272415,,,,,,,,,,,,0.184846892952919,,,,,,,,,,,,-1.5626819133758545,,,,,,,,,,,,-7.127597808837891,,,,,,,,,,,,-1.5967497825622559,,,,,,,,,,,,0.0,,,,,,,,,,,,0.0364125557243824,,,,,,,,,,,,0.0,,,,,,,,,,,,0.04341519623994827,,,,,,,,,,,,0.06946911662817001,,,,,,,,,,,,-1.4266996383666992,,,,,,,,,,,,0.3774275779724121,,,,,,,,,,,,-10.620341300964355,,,,,,,,,,,,9.07490062713623,,,,,,,,,,,,8.498859405517578,-0.6913685202598572,0.12080539017915726,-1.9113110303878784,0.0,0.0,0.0,0.0,0.0,0.0,0.0,0.0,0.0,0.0,0.0,0.0,0.0,0.0,0.0,0.0
2023-01-28 00:00:00,,,5.107025146484375,,,,,,,,,,,,4.699039459228516,,,,,,,,,,,,7.152367115020752,,,,,,,,,,,,4.782691955566406,,,,,,,,,,,,-0.8722588419914246,,,,,,,,,,,,-0.09939759969711304,,,,,,,,,,,,-2.1851112842559814,,,,,,,,,,,,0.11951416730880737,,,,,,,,,,,,-1.4056715965270996,,,,,,,,,,,,0.07408920675516129,,,,,,,,,,,,-0.26051223278045654,,,,,,,,,,,,0.014959683641791344,,,,,,,,,,,,0.4546421766281128,,,,,,,,,,,,-0.014102756977081299,,,,,,,,,,,,0.13528317213058472,,,,,,,,,,,,-2.065354585647583,,,,,,,,,,,,0.0,,,,,,,,,,,,0.0,,,,,,,,,,,,0.13805389404296875,,,,,,,,,,,,-0.0826987624168396,,,,,,,,,,,,0.002265207003802061,,,,,,,,,,,,-0.11727999895811081,,,,,,,,,,,,4.533082008361816,,,,,,,,,,,,-1.0306980609893799,,,,,,,,,,,,-1.0340819358825684,,,,,,,,,,,,-0.8675780892372131,,,,,,,,,,,,-0.989166259765625,,,,,,,,,,,,-0.6277576088905334,,,,,,,,,,,,-0.2737988531589508,,,,,,,,,,,,0.03729682043194771,,,,,,,,,,,,0.0,,,,,,,,,,,,0.05588560551404953,,,,,,,,,,,,-0.0822661966085434,,,,,,,,,,,,0.0,,,,,,,,,,,,-0.38460075855255127,,,,,,,,,,,,0.0,,,,,,,,,,,,0.1411619484424591,,,,,,,,,,,,0.3714706003665924,,,,,,,,,,,,-0.8882487416267395,,,,,,,,,,,,-0.3421276807785034,,,,,,,,,,,,-0.38183802366256714,,,,,,,,,,,,0.0,,,,,,,,,,,,0.03702874854207039,,,,,,,,,,,,0.0,,,,,,,,,,,,-0.0005909579340368509,,,,,,,,,,,,-0.008319450542330742,,,,,,,,,,,,0.03283977508544922,,,,,,,,,,,,0.3932666778564453,,,,,,,,,,,,2.0717403888702393,,,,,,,,,,,,0.7568801641464233,,,,,,,,,,,8.498958587646484,-0.6911748647689819,0.07486030459403992,-2.9143106937408447,0.0,0.0,0.0,0.0,0.0,0.0,0.0,0.0,0.0,0.0,0.0,0.0,0.0,0.0,0.0,0.0
2023-01-28 01:00:00,,,,3.880950450897217,,,,,,,,,,,,3.3961338996887207,,,,,,,,,,,,5.188290596008301,,,,,,,,,,,,-3.3392114639282227,,,,,,,,,,,,2.1405913829803467,,,,,,,,,,,,16.822330474853516,,,,,,,,,,,,2.5548949241638184,,,,,,,,,,,,15.318941116333008,,,,,,,,,,,,-34.41480255126953,,,,,,,,,,,,-0.17208704352378845,,,,,,,,,,,,0.37926793098449707,,,,,,,,,,,,0.07913104444742203,,,,,,,,,,,,0.42784714698791504,,,,,,,,,,,,0.22378601133823395,,,,,,,,,,,,0.05642196163535118,,,,,,,,,,,,0.05098659545183182,,,,,,,,,,,,0.0,,,,,,,,,,,,0.0,,,,,,,,,,,,0.11125296354293823,,,,,,,,,,,,-0.05257744342088699,,,,,,,,,,,,0.06019514799118042,,,,,,,,,,,,-0.10922051966190338,,,,,,,,,,,,-1.5554990768432617,,,,,,,,,,,,0.9555262327194214,,,,,,,,,,,,3.6400983333587646,,,,,,,,,,,,0.6916124820709229,,,,,,,,,,,,4.914180278778076,,,,,,,,,,,,1.1232411861419678,,,,,,,,,,,,5.791354656219482,,,,,,,,,,,,0.1264103651046753,,,,,,,,,,,,0.0,,,,,,,,,,,,-0.037547655403614044,,,,,,,,,,,,-0.15096823871135712,,,,,,,,,,,,0.0,,,,,,,,,,,,-1.1515535116195679,,,,,,,,,,,,0.0,,,,,,,,,,,,0.23662742972373962,,,,,,,,,,,,0.4200902283191681,,,,,,,,,,,,-0.8995133638381958,,,,,,,,,,,,0.7827800512313843,,,,,,,,,,,,-0.3367600440979004,,,,,,,,,,,,0.0,,,,,,,,,,,,0.04398048669099808,,,,,,,,,,,,0.0,,,,,,,,,,,,-0.022511720657348633,,,,,,,,,,,,-0.06627637147903442,,,,,,,,,,,,-0.3463825583457947,,,,,,,,,,,,0.554724395275116,,,,,,,,,,,,-14.639349937438965,,,,,,,,,,,,-0.31666263937950134,,,,,,,,,,8.49905776977539,-0.6909782290458679,0.02372298389673233,-3.8461995124816895,0.0,0.0,0.0,0.0,0.0,0.0,0.0,0.0,0.0,0.0,0.0,0.0,0.0,0.0,0.0,0.0
2023-01-28 02:00:00,,,,,2.876095771789551,,,,,,,,,,,,1.3780879974365234,,,,,,,,,,,,4.304092884063721,,,,,,,,,,,,12.657275199890137,,,,,,,,,,,,-7.045011043548584,,,,,,,,,,,,-14.616021156311035,,,,,,,,,,,,-4.619758129119873,,,,,,,,,,,,-12.975114822387695,,,,,,,,,,,,24.628807067871094,,,,,,,,,,,,-0.20662763714790344,,,,,,,,,,,,0.865715742111206,,,,,,,,,,,,-0.01503121480345726,,,,,,,,,,,,0.000271722674369812,,,,,,,,,,,,0.5839536190032959,,,,,,,,,,,,0.2578025460243225,,,,,,,,,,,,-11.417903900146484,,,,,,,,,,,,0.0,,,,,,,,,,,,0.0,,,,,,,,,,,,0.07588246464729309,,,,,,,,,,,,-0.03103579394519329,,,,,,,,,,,,-0.003755025565624237,,,,,,,,,,,,0.4996075928211212,,,,,,,,,,,,16.304752349853516,,,,,,,,,,,,-2.9203920364379883,,,,,,,,,,,,-0.019239485263824463,,,,,,,,,,,,-3.1058297157287598,,,,,,,,,,,,2.1153764724731445,,,,,,,,,,,,-2.9694032669067383,,,,,,,,,,,,0.21623551845550537,,,,,,,,,,,,0.15449738502502441,,,,,,,,,,,,0.0,,,,,,,,,,,,-0.09109150618314743,,,,,,,,,,,,-0.13627059757709503,,,,,,,,,,,,0.0,,,,,,,,,,,,2.050419330596924,,,,,,,,,,,,0.0,,,,,,,,,,,,0.5193614363670349,,,,,,,,,,,,0.41118180751800537,,,,,,,,,,,,-1.0336582660675049,,,,,,,,,,,,1.8815726041793823,,,,,,,,,,,,0.39399200677871704,,,,,,,,,,,,0.0,,,,,,,,,,,,0.07060576975345612,,,,,,,,,,,,0.0,,,,,,,,,,,,-0.019199397414922714,,,,,,,,,,,,-0.09614294767379761,,,,,,,,,,,,1.0621951818466187,,,,,,,,,,,,0.7614281177520752,,,,,,,,,,,,-2.546553611755371,,,,,,,,,,,,-1.8729474544525146,,,,,,,,,8.49915599822998,-0.6907784938812256,-0.032519809901714325,-4.669708728790283,0.0,0.0,0.0,0.0,0.0,0.0,0.0,0.0,0.0,0.0,0.0,0.0,0.0,0.0,0.0,0.0
2023-01-28 03:00:00,,,,,,2.1280884742736816,,,,,,,,,,,,1.2689645290374756,,,,,,,,,,,,3.541975975036621,,,,,,,,,,,,10.81021785736084,,,,,,,,,,,,-4.142574787139893,,,,,,,,,,,,5.211592674255371,,,,,,,,,,,,-5.957254886627197,,,,,,,,,,,,4.372966766357422,,,,,,,,,,,,-13.190576553344727,,,,,,,,,,,,-0.3341183066368103,,,,,,,,,,,,1.3447239398956299,,,,,,,,,,,,-0.034781843423843384,,,,,,,,,,,,0.151673823595047,,,,,,,,,,,,0.5031042695045471,,,,,,,,,,,,0.22317904233932495,,,,,,,,,,,,7.857472896575928,,,,,,,,,,,,0.0,,,,,,,,,,,,0.0,,,,,,,,,,,,0.03264307975769043,,,,,,,,,,,,-0.006088549271225929,,,,,,,,,,,,0.05450308322906494,,,,,,,,,,,,-0.6813036799430847,,,,,,,,,,,,-18.364076614379883,,,,,,,,,,,,5.54490327835083,,,,,,,,,,,,2.4779930114746094,,,,,,,,,,,,4.229827880859375,,,,,,,,,,,,0.9136918187141418,,,,,,,,,,,,5.565001964569092,,,,,,,,,,,,4.342807292938232,,,,,,,,,,,,0.2171575278043747,,,,,,,,,,,,0.0,,,,,,,,,,,,-0.04643578082323074,,,,,,,,,,,,-0.17160165309906006,,,,,,,,,,,,0.0,,,,,,,,,,,,-2.8169426918029785,,,,,,,,,,,,0.0,,,,,,,,,,,,0.5187331438064575,,,,,,,,,,,,0.41759613156318665,,,,,,,,,,,,-0.8729374408721924,,,,,,,,,,,,1.427320957183838,,,,,,,,,,,,0.11783412098884583,,,,,,,,,,,,0.0,,,,,,,,,,,,0.0673154667019844,,,,,,,,,,,,0.0,,,,,,,,,,,,-0.07351412624120712,,,,,,,,,,,,-0.16008137166500092,,,,,,,,,,,,-1.2965028285980225,,,,,,,,,,,,0.6764250993728638,,,,,,,,,,,,-7.869205951690674,,,,,,,,,,,,-1.4107263088226318,,,,,,,,8.499256134033203,-0.6905755400657654,-0.09371865540742874,-5.236833095550537,0.0,0.0,0.0,0.0,0.0,0.0,0.0,0.0,0.0,0.0,0.0,0.0,0.0,0.0,0.0,0.0
2023-01-28 04:00:00,,,,,,,2.0350348949432373,,,,,,,,,,,,1.946163296699524,,,,,,,,,,,,3.8105928897857666,,,,,,,,,,,,2.381051540374756,,,,,,,,,,,,-0.294187068939209,,,,,,,,,,,,-16.32331657409668,,,,,,,,,,,,-1.2358887195587158,,,,,,,,,,,,-14.790543556213379,,,,,,,,,,,,26.696186065673828,,,,,,,,,,,,-0.35608264803886414,,,,,,,,,,,,2.102426290512085,,,,,,,,,,,,0.019040560349822044,,,,,,,,,,,,0.07983952760696411,,,,,,,,,,,,0.4893729090690613,,,,,,,,,,,,0.35111963748931885,,,,,,,,,,,,-11.706096649169922,,,,,,,,,,,,0.0,,,,,,,,,,,,0.0,,,,,,,,,,,,0.07004082202911377,,,,,,,,,,,,-0.040154531598091125,,,,,,,,,,,,0.0035507394932210445,,,,,,,,,,,,0.5036857724189758,,,,,,,,,,,,13.602433204650879,,,,,,,,,,,,-3.2411723136901855,,,,,,,,,,,,3.2140612602233887,,,,,,,,,,,,-1.7257328033447266,,,,,,,,,,,,1.9881916046142578,,,,,,,,,,,,-1.6072243452072144,,,,,,,,,,,,5.0410566329956055,,,,,,,,,,,,0.1767982691526413,,,,,,,,,,,,0.0,,,,,,,,,,,,-0.0714581161737442,,,,,,,,,,,,-0.3183978497982025,,,,,,,,,,,,0.0,,,,,,,,,,,,3.103334903717041,,,,,,,,,,,,0.0,,,,,,,,,,,,0.4881601929664612,,,,,,,,,,,,0.3824533522129059,,,,,,,,,,,,-0.7456871271133423,,,,,,,,,,,,-3.1298110485076904,,,,,,,,,,,,0.20039857923984528,,,,,,,,,,,,0.0,,,,,,,,,,,,0.019827865064144135,,,,,,,,,,,,0.0,,,,,,,,,,,,-0.0812426507472992,,,,,,,,,,,,-0.1617162674665451,,,,,,,,,,,,1.2309482097625732,,,,,,,,,,,,0.6089333295822144,,,,,,,,,,,,-10.304733276367188,,,,,,,,,,,,3.3191287517547607,,,,,,,8.49935531616211,-0.6903693675994873,-0.15966060757637024,-5.552883625030518,0.0,0.0,0.0,0.0,0.0,0.0,0.0,0.0,0.0,0.0,0.0,0.0,0.0,0.0,0.0,0.0
2023-01-28 05:00:00,,,,,,,,1.5765398740768433,,,,,,,,,,,,0.4159986972808838,,,,,,,,,,,,2.6212432384490967,,,,,,,,,,,,0.44316530227661133,,,,,,,,,,,,-0.4794773459434509,,,,,,,,,,,,9.9743070602417,,,,,,,,,,,,0.6083101034164429,,,,,,,,,,,,8.501099586486816,,,,,,,,,,,,-22.66135025024414,,,,,,,,,,,,-0.8634079098701477,,,,,,,,,,,,2.1536688804626465,,,,,,,,,,,,0.04813259094953537,,,,,,,,,,,,-0.07544547319412231,,,,,,,,,,,,0.3686857223510742,,,,,,,,,,,,0.4374873638153076,,,,,,,,,,,,-6.404252052307129,,,,,,,,,,,,0.0,,,,,,,,,,,,0.0,,,,,,,,,,,,0.07134582847356796,,,,,,,,,,,,-0.003904039040207863,,,,,,,,,,,,0.026196548715233803,,,,,,,,,,,,0.282595694065094,,,,,,,,,,,,-0.993114709854126,,,,,,,,,,,,2.1444151401519775,,,,,,,,,,,,-0.36311596632003784,,,,,,,,,,,,1.5192039012908936,,,,,,,,,,,,-3.640557289123535,,,,,,,,,,,,2.404622793197632,,,,,,,,,,,,0.07105350494384766,,,,,,,,,,,,0.21433672308921814,,,,,,,,,,,,0.0,,,,,,,,,,,,-0.09372710436582565,,,,,,,,,,,,-0.2930067181587219,,,,,,,,,,,,0.0,,,,,,,,,,,,1.2519031763076782,,,,,,,,,,,,0.0,,,,,,,,,,,,0.3566141426563263,,,,,,,,,,,,0.3627985417842865,,,,,,,,,,,,-1.0481206178665161,,,,,,,,,,,,1.4823561906814575,,,,,,,,,,,,-0.17510387301445007,,,,,,,,,,,,0.0,,,,,,,,,,,,-0.0171684380620718,,,,,,,,,,,,0.0,,,,,,,,,,,,-0.11270438134670258,,,,,,,,,,,,-0.17695343494415283,,,,,,,,,,,,0.5198145508766174,,,,,,,,,,,,0.7114819288253784,,,,,,,,,,,,4.005885601043701,,,,,,,,,,,,-0.7742270827293396,,,,,,8.499454498291016,-0.6901601552963257,-0.23006968200206757,-5.786528587341309,0.0,0.0,0.0,0.0,0.0,0.0,0.0,0.0,0.0,0.0,0.0,0.0,0.0,0.0,0.0,0.0
2023-01-28 06:00:00,,,,,,,,,2.291219711303711,,,,,,,,,,,,1.0124216079711914,,,,,,,,,,,,3.4244871139526367,,,,,,,,,,,,-1.3095027208328247,,,,,,,,,,,,0.8171313405036926,,,,,,,,,,,,5.882145881652832,,,,,,,,,,,,0.855413556098938,,,,,,,,,,,,4.178877353668213,,,,,,,,,,,,-13.099143981933594,,,,,,,,,,,,-0.7154887318611145,,,,,,,,,,,,1.6589105129241943,,,,,,,,,,,,0.025009021162986755,,,,,,,,,,,,-0.5575519800186157,,,,,,,,,,,,0.9055748581886292,,,,,,,,,,,,0.47532856464385986,,,,,,,,,,,,14.002368927001953,,,,,,,,,,,,0.0,,,,,,,,,,,,0.0,,,,,,,,,,,,0.11594537645578384,,,,,,,,,,,,-0.031235553324222565,,,,,,,,,,,,0.033279187977313995,,,,,,,,,,,,-1.154178261756897,,,,,,,,,,,,-32.93598937988281,,,,,,,,,,,,10.422182083129883,,,,,,,,,,,,3.210137367248535,,,,,,,,,,,,6.900017261505127,,,,,,,,,,,,1.612769603729248,,,,,,,,,,,,8.471275329589844,,,,,,,,,,,,7.246339321136475,,,,,,,,,,,,0.2604968547821045,,,,,,,,,,,,0.0,,,,,,,,,,,,-0.07662917673587799,,,,,,,,,,,,-0.2956809997558594,,,,,,,,,,,,0.0,,,,,,,,,,,,-3.136146306991577,,,,,,,,,,,,0.0,,,,,,,,,,,,0.3883039951324463,,,,,,,,,,,,0.39593505859375,,,,,,,,,,,,-0.5803326964378357,,,,,,,,,,,,0.9862583875656128,,,,,,,,,,,,0.3115904629230499,,,,,,,,,,,,0.0,,,,,,,,,,,,0.039438359439373016,,,,,,,,,,,,0.0,,,,,,,,,,,,-0.07769231498241425,,,,,,,,,,,,-0.2058820128440857,,,,,,,,,,,,-1.9950289726257324,,,,,,,,,,,,0.5186895132064819,,,,,,,,,,,,-12.00883674621582,,,,,,,,,,,,-1.107163429260254,,,,,8.499553680419922,-0.6899476647377014,-0.30460822582244873,-5.640714168548584,0.0,0.0,0.0,0.0,0.0,0.0,0.0,0.0,0.0,0.0,0.0,0.0,0.0,0.0,0.0,0.0
2023-01-28 07:00:00,,,,,,,,,,4.174300193786621,,,,,,,,,,,,2.725541353225708,,,,,,,,,,,,5.3443603515625,,,,,,,,,,,,-18.525644302368164,,,,,,,,,,,,9.26257610321045,,,,,,,,,,,,-6.772941589355469,,,,,,,,,,,,9.300275802612305,,,,,,,,,,,,-6.049463748931885,,,,,,,,,,,,10.736699104309082,,,,,,,,,,,,-0.7291947603225708,,,,,,,,,,,,1.5178977251052856,,,,,,,,,,,,0.03356537967920303,,,,,,,,,,,,-0.48091620206832886,,,,,,,,,,,,0.668081521987915,,,,,,,,,,,,0.4277476668357849,,,,,,,,,,,,-4.447726249694824,,,,,,,,,,,,0.0,,,,,,,,,,,,0.0,,,,,,,,,,,,0.11495545506477356,,,,,,,,,,,,-0.05961736664175987,,,,,,,,,,,,-0.008162232115864754,,,,,,,,,,,,-0.05253545939922333,,,,,,,,,,,,1.6056084632873535,,,,,,,,,,,,0.7398178577423096,,,,,,,,,,,,3.251944065093994,,,,,,,,,,,,0.11320225894451141,,,,,,,,,,,,-0.08105911314487457,,,,,,,,,,,,0.6647813320159912,,,,,,,,,,,,6.967831611633301,,,,,,,,,,,,0.4107997417449951,,,,,,,,,,,,0.0,,,,,,,,,,,,-0.06582367420196533,,,,,,,,,,,,-0.2991238534450531,,,,,,,,,,,,0.0,,,,,,,,,,,,1.7281606197357178,,,,,,,,,,,,0.0,,,,,,,,,,,,0.4696080684661865,,,,,,,,,,,,0.4251892566680908,,,,,,,,,,,,-0.9838640689849854,,,,,,,,,,,,2.2402007579803467,,,,,,,,,,,,0.2595803439617157,,,,,,,,,,,,0.0,,,,,,,,,,,,0.011251325719058514,,,,,,,,,,,,0.0,,,,,,,,,,,,-0.06332769244909286,,,,,,,,,,,,-0.18617646396160126,,,,,,,,,,,,0.42905867099761963,,,,,,,,,,,,0.40240728855133057,,,,,,,,,,,,-10.017751693725586,,,,,,,,,,,,-2.015434980392456,,,,8.499651908874512,-0.6897319555282593,-0.38287854194641113,-4.195217132568359,0.0,0.0,0.0,0.0,0.0,0.0,0.0,0.0,0.0,0.0,0.0,0.0,0.0,0.0,0.0,0.0
2023-01-28 08:00:00,,,,,,,,,,,7.222477912902832,,,,,,,,,,,,6.203812599182129,,,,,,,,,,,,8.48560905456543,,,,,,,,,,,,-6.413559913635254,,,,,,,,,,,,3.1319997310638428,,,,,,,,,,,,-15.599451065063477,,,,,,,,,,,,3.075993299484253,,,,,,,,,,,,-13.915057182312012,,,,,,,,,,,,28.80560302734375,,,,,,,,,,,,-0.26701903343200684,,,,,,,,,,,,0.3606623411178589,,,,,,,,,,,,0.04112640395760536,,,,,,,,,,,,-0.6194374561309814,,,,,,,,,,,,0.4094386100769043,,,,,,,,,,,,0.5822811126708984,,,,,,,,,,,,-13.731891632080078,,,,,,,,,,,,0.0,,,,,,,,,,,,0.0,,,,,,,,,,,,0.12959837913513184,,,,,,,,,,,,-0.06421522051095963,,,,,,,,,,,,-0.02692224271595478,,,,,,,,,,,,0.7768244743347168,,,,,,,,,,,,15.439096450805664,,,,,,,,,,,,-3.1035022735595703,,,,,,,,,,,,3.5917210578918457,,,,,,,,,,,,-2.019148111343384,,,,,,,,,,,,4.528878211975098,,,,,,,,,,,,-1.5576579570770264,,,,,,,,,,,,4.667973041534424,,,,,,,,,,,,0.41299498081207275,,,,,,,,,,,,0.0,,,,,,,,,,,,-0.051695700734853745,,,,,,,,,,,,-0.3153773844242096,,,,,,,,,,,,0.0,,,,,,,,,,,,3.4946446418762207,,,,,,,,,,,,0.0,,,,,,,,,,,,0.3502715229988098,,,,,,,,,,,,0.2980301082134247,,,,,,,,,,,,-0.7476099729537964,,,,,,,,,,,,6.146670341491699,,,,,,,,,,,,-0.009638071060180664,,,,,,,,,,,,0.0,,,,,,,,,,,,-0.07071172446012497,,,,,,,,,,,,0.0,,,,,,,,,,,,-0.04673069342970848,,,,,,,,,,,,-0.23805353045463562,,,,,,,,,,,,1.5484733581542969,,,,,,,,,,,,0.2930651605129242,,,,,,,,,,,,-12.643756866455078,,,,,,,,,,,,-5.73695707321167,,,8.499751091003418,-0.6895132064819336,-0.4644256830215454,-1.0302900075912476,0.0,0.0,0.0,0.0,0.0,0.0,0.0,0.0,0.0,0.0,0.0,0.0,0.0,0.0,0.0,0.0
2023-01-28 09:00:00,,,,,,,,,,,,11.468698501586914,,,,,,,,,,,,10.250484466552734,,,,,,,,,,,,15.059600830078125,,,,,,,,,,,,-5.066256046295166,,,,,,,,,,,,1.5365781784057617,,,,,,,,,,,,-5.530683994293213,,,,,,,,,,,,2.723938465118408,,,,,,,,,,,,-5.820460319519043,,,,,,,,,,,,12.028640747070312,,,,,,,,,,,,0.04992004483938217,,,,,,,,,,,,-0.1435297727584839,,,,,,,,,,,,0.06646227836608887,,,,,,,,,,,,-0.46046823263168335,,,,,,,,,,,,0.14505192637443542,,,,,,,,,,,,0.41485583782196045,,,,,,,,,,,,-3.5463263988494873,,,,,,,,,,,,0.0,,,,,,,,,,,,0.0,,,,,,,,,,,,0.07780984044075012,,,,,,,,,,,,-0.05343211814761162,,,,,,,,,,,,-0.041214682161808014,,,,,,,,,,,,0.1874425709247589,,,,,,,,,,,,5.156921863555908,,,,,,,,,,,,-0.8025306463241577,,,,,,,,,,,,2.039301872253418,,,,,,,,,,,,-0.8053163290023804,,,,,,,,,,,,0.8043408989906311,,,,,,,,,,,,-0.07989645004272461,,,,,,,,,,,,2.9471850395202637,,,,,,,,,,,,0.4672985076904297,,,,,,,,,,,,0.0,,,,,,,,,,,,-0.042733754962682724,,,,,,,,,,,,-0.20723700523376465,,,,,,,,,,,,0.0,,,,,,,,,,,,0.4674258530139923,,,,,,,,,,,,0.0,,,,,,,,,,,,0.2987438142299652,,,,,,,,,,,,0.22830775380134583,,,,,,,,,,,,-0.48774129152297974,,,,,,,,,,,,-0.8489768505096436,,,,,,,,,,,,0.8263541460037231,,,,,,,,,,,,0.0,,,,,,,,,,,,-0.07526612281799316,,,,,,,,,,,,0.0,,,,,,,,,,,,-0.03288077563047409,,,,,,,,,,,,-0.20252424478530884,,,,,,,,,,,,0.38545799255371094,,,,,,,,,,,,0.20339703559875488,,,,,,,,,,,,-5.712137222290039,,,,,,,,,,,,0.3410493731498718,,8.499850273132324,-0.6892913579940796,-0.5487407445907593,2.770010471343994,0.0,0.0,0.0,0.0,0.0,0.0,0.0,0.0,0.0,0.0,0.0,0.0,0.0,0.0,0.0,0.0
2023-01-28 10:00:00,,,,,,,,,,,,,14.458244323730469,,,,,,,,,,,,13.34343433380127,,,,,,,,,,,,17.48643684387207,,,,,,,,,,,,11.096549034118652,,,,,,,,,,,,-6.361833095550537,,,,,,,,,,,,-9.962299346923828,,,,,,,,,,,,-5.83092737197876,,,,,,,,,,,,-8.923633575439453,,,,,,,,,,,,21.15476417541504,,,,,,,,,,,,0.13241726160049438,,,,,,,,,,,,-0.6975585222244263,,,,,,,,,,,,-0.012624421156942844,,,,,,,,,,,,-0.4248666763305664,,,,,,,,,,,,-0.12980341911315918,,,,,,,,,,,,0.37592464685440063,,,,,,,,,,,,-6.663623809814453,,,,,,,,,,,,0.0,,,,,,,,,,,,0.0,,,,,,,,,,,,0.0635133683681488,,,,,,,,,,,,-0.07413986325263977,,,,,,,,,,,,-0.04724206402897835,,,,,,,,,,,,0.2864461839199066,,,,,,,,,,,,0.10123075544834137,,,,,,,,,,,,2.6565189361572266,,,,,,,,,,,,0.7850345969200134,,,,,,,,,,,,0.46515947580337524,,,,,,,,,,,,2.7848072052001953,,,,,,,,,,,,1.4556291103363037,,,,,,,,,,,,0.4933565855026245,,,,,,,,,,,,0.27523237466812134,,,,,,,,,,,,0.0,,,,,,,,,,,,-0.020488746464252472,,,,,,,,,,,,-0.23806826770305634,,,,,,,,,,,,0.0,,,,,,,,,,,,2.250281810760498,,,,,,,,,,,,0.0,,,,,,,,,,,,0.07016392052173615,,,,,,,,,,,,0.063605897128582,,,,,,,,,,,,-0.862841010093689,,,,,,,,,,,,-6.978577613830566,,,,,,,,,,,,-0.8599766492843628,,,,,,,,,,,,0.0,,,,,,,,,,,,-0.01814229227602482,,,,,,,,,,,,0.0,,,,,,,,,,,,-0.0187488105148077,,,,,,,,,,,,-0.17592735588550568,,,,,,,,,,,,0.6214418411254883,,,,,,,,,,,,0.5779968500137329,,,,,,,,,,,,-3.9968087673187256,,,,,,,,,,,,8.432615280151367,8.499950408935547,-0.6890661120414734,-0.6352645754814148,5.438070774078369,0.0,0.0,0.0,0.0,0.0,0.0,0.0,0.0,0.0,0.0,0.0,0.0,0.0,0.0,0.0,0.0
