ds,y,yhat1,residual1,yhat2,residual2,yhat3,residual3,yhat4,residual4,yhat5,residual5,yhat6,residual6,yhat7,residual7,yhat8,residual8,yhat9,residual9,yhat10,residual10,yhat11,residual11,yhat12,residual12,ar1,ar2,ar3,ar4,ar5,ar6,ar7,ar8,ar9,ar10,ar11,ar12,lagged_regressor_Stretcher Pts hrly1,lagged_regressor_Stretcher Pts hrly2,lagged_regressor_Stretcher Pts hrly3,lagged_regressor_Stretcher Pts hrly4,lagged_regressor_Stretcher Pts hrly5,lagged_regressor_Stretcher Pts hrly6,lagged_regressor_Stretcher Pts hrly7,lagged_regressor_Stretcher Pts hrly8,lagged_regressor_Stretcher Pts hrly9,lagged_regressor_Stretcher Pts hrly10,lagged_regressor_Stretcher Pts hrly11,lagged_regressor_Stretcher Pts hrly12,lagged_regressor_Stretcher Pts cum1,lagged_regressor_Stretcher Pts cum2,lagged_regressor_Stretcher Pts cum3,lagged_regressor_Stretcher Pts cum4,lagged_regressor_Stretcher Pts cum5,lagged_regressor_Stretcher Pts cum6,lagged_regressor_Stretcher Pts cum7,lagged_regressor_Stretcher Pts cum8,lagged_regressor_Stretcher Pts cum9,lagged_regressor_Stretcher Pts cum10,lagged_regressor_Stretcher Pts cum11,lagged_regressor_Stretcher Pts cum12,lagged_regressor_Ambulatory Pts hrly1,lagged_regressor_Ambulatory Pts hrly2,lagged_regressor_Ambulatory Pts hrly3,lagged_regressor_Ambulatory Pts hrly4,lagged_regressor_Ambulatory Pts hrly5,lagged_regressor_Ambulatory Pts hrly6,lagged_regressor_Ambulatory Pts hrly7,lagged_regressor_Ambulatory Pts hrly8,lagged_regressor_Ambulatory Pts hrly9,lagged_regressor_Ambulatory Pts hrly10,lagged_regressor_Ambulatory Pts hrly11,lagged_regressor_Ambulatory Pts hrly12,lagged_regressor_Ambulatory Pts cum1,lagged_regressor_Ambulatory Pts cum2,lagged_regressor_Ambulatory Pts cum3,lagged_regressor_Ambulatory Pts cum4,lagged_regressor_Ambulatory Pts cum5,lagged_regressor_Ambulatory Pts cum6,lagged_regressor_Ambulatory Pts cum7,lagged_regressor_Ambulatory Pts cum8,lagged_regressor_Ambulatory Pts cum9,lagged_regressor_Ambulatory Pts cum10,lagged_regressor_Ambulatory Pts cum11,lagged_regressor_Ambulatory Pts cum12,lagged_regressor_Total Inflow cum1,lagged_regressor_Total Inflow cum2,lagged_regressor_Total Inflow cum3,lagged_regressor_Total Inflow cum4,lagged_regressor_Total Inflow cum5,lagged_regressor_Total Inflow cum6,lagged_regressor_Total Inflow cum7,lagged_regressor_Total Inflow cum8,lagged_regressor_Total Inflow cum9,lagged_regressor_Total Inflow cum10,lagged_regressor_Total Inflow cum11,lagged_regressor_Total Inflow cum12,lagged_regressor_Ambulances hrly1,lagged_regressor_Ambulances hrly2,lagged_regressor_Ambulances hrly3,lagged_regressor_Ambulances hrly4,lagged_regressor_Ambulances hrly5,lagged_regressor_Ambulances hrly6,lagged_regressor_Ambulances hrly7,lagged_regressor_Ambulances hrly8,lagged_regressor_Ambulances hrly9,lagged_regressor_Ambulances hrly10,lagged_regressor_Ambulances hrly11,lagged_regressor_Ambulances hrly12,lagged_regressor_Ambulances cum1,lagged_regressor_Ambulances cum2,lagged_regressor_Ambulances cum3,lagged_regressor_Ambulances cum4,lagged_regressor_Ambulances cum5,lagged_regressor_Ambulances cum6,lagged_regressor_Ambulances cum7,lagged_regressor_Ambulances cum8,lagged_regressor_Ambulances cum9,lagged_regressor_Ambulances cum10,lagged_regressor_Ambulances cum11,lagged_regressor_Ambulances cum12,lagged_regressor_FLS hrly1,lagged_regressor_FLS hrly2,lagged_regressor_FLS hrly3,lagged_regressor_FLS hrly4,lagged_regressor_FLS hrly5,lagged_regressor_FLS hrly6,lagged_regressor_FLS hrly7,lagged_regressor_FLS hrly8,lagged_regressor_FLS hrly9,lagged_regressor_FLS hrly10,lagged_regressor_FLS hrly11,lagged_regressor_FLS hrly12,lagged_regressor_Adm requests cum1,lagged_regressor_Adm requests cum2,lagged_regressor_Adm requests cum3,lagged_regressor_Adm requests cum4,lagged_regressor_Adm requests cum5,lagged_regressor_Adm requests cum6,lagged_regressor_Adm requests cum7,lagged_regressor_Adm requests cum8,lagged_regressor_Adm requests cum9,lagged_regressor_Adm requests cum10,lagged_regressor_Adm requests cum11,lagged_regressor_Adm requests cum12,lagged_regressor_Admissions cum1,lagged_regressor_Admissions cum2,lagged_regressor_Admissions cum3,lagged_regressor_Admissions cum4,lagged_regressor_Admissions cum5,lagged_regressor_Admissions cum6,lagged_regressor_Admissions cum7,lagged_regressor_Admissions cum8,lagged_regressor_Admissions cum9,lagged_regressor_Admissions cum10,lagged_regressor_Admissions cum11,lagged_regressor_Admissions cum12,lagged_regressor_Pts waiting for admission CUM1,lagged_regressor_Pts waiting for admission CUM2,lagged_regressor_Pts waiting for admission CUM3,lagged_regressor_Pts waiting for admission CUM4,lagged_regressor_Pts waiting for admission CUM5,lagged_regressor_Pts waiting for admission CUM6,lagged_regressor_Pts waiting for admission CUM7,lagged_regressor_Pts waiting for admission CUM8,lagged_regressor_Pts waiting for admission CUM9,lagged_regressor_Pts waiting for admission CUM10,lagged_regressor_Pts waiting for admission CUM11,lagged_regressor_Pts waiting for admission CUM12,lagged_regressor_Total Stretcher pts1,lagged_regressor_Total Stretcher pts2,lagged_regressor_Total Stretcher pts3,lagged_regressor_Total Stretcher pts4,lagged_regressor_Total Stretcher pts5,lagged_regressor_Total Stretcher pts6,lagged_regressor_Total Stretcher pts7,lagged_regressor_Total Stretcher pts8,lagged_regressor_Total Stretcher pts9,lagged_regressor_Total Stretcher pts10,lagged_regressor_Total Stretcher pts11,lagged_regressor_Total Stretcher pts12,lagged_regressor_Triage hallway pts1,lagged_regressor_Triage hallway pts2,lagged_regressor_Triage hallway pts3,lagged_regressor_Triage hallway pts4,lagged_regressor_Triage hallway pts5,lagged_regressor_Triage hallway pts6,lagged_regressor_Triage hallway pts7,lagged_regressor_Triage hallway pts8,lagged_regressor_Triage hallway pts9,lagged_regressor_Triage hallway pts10,lagged_regressor_Triage hallway pts11,lagged_regressor_Triage hallway pts12,lagged_regressor_Triage hallway pts TBS1,lagged_regressor_Triage hallway pts TBS2,lagged_regressor_Triage hallway pts TBS3,lagged_regressor_Triage hallway pts TBS4,lagged_regressor_Triage hallway pts TBS5,lagged_regressor_Triage hallway pts TBS6,lagged_regressor_Triage hallway pts TBS7,lagged_regressor_Triage hallway pts TBS8,lagged_regressor_Triage hallway pts TBS9,lagged_regressor_Triage hallway pts TBS10,lagged_regressor_Triage hallway pts TBS11,lagged_regressor_Triage hallway pts TBS12,lagged_regressor_Re-Oriented Nurse cum1,lagged_regressor_Re-Oriented Nurse cum2,lagged_regressor_Re-Oriented Nurse cum3,lagged_regressor_Re-Oriented Nurse cum4,lagged_regressor_Re-Oriented Nurse cum5,lagged_regressor_Re-Oriented Nurse cum6,lagged_regressor_Re-Oriented Nurse cum7,lagged_regressor_Re-Oriented Nurse cum8,lagged_regressor_Re-Oriented Nurse cum9,lagged_regressor_Re-Oriented Nurse cum10,lagged_regressor_Re-Oriented Nurse cum11,lagged_regressor_Re-Oriented Nurse cum12,lagged_regressor_Re-Oriented MD QTrack D/C1,lagged_regressor_Re-Oriented MD QTrack D/C2,lagged_regressor_Re-Oriented MD QTrack D/C3,lagged_regressor_Re-Oriented MD QTrack D/C4,lagged_regressor_Re-Oriented MD QTrack D/C5,lagged_regressor_Re-Oriented MD QTrack D/C6,lagged_regressor_Re-Oriented MD QTrack D/C7,lagged_regressor_Re-Oriented MD QTrack D/C8,lagged_regressor_Re-Oriented MD QTrack D/C9,lagged_regressor_Re-Oriented MD QTrack D/C10,lagged_regressor_Re-Oriented MD QTrack D/C11,lagged_regressor_Re-Oriented MD QTrack D/C12,lagged_regressor_Re-Oriented MD QTrack NotD/C1,lagged_regressor_Re-Oriented MD QTrack NotD/C2,lagged_regressor_Re-Oriented MD QTrack NotD/C3,lagged_regressor_Re-Oriented MD QTrack NotD/C4,lagged_regressor_Re-Oriented MD QTrack NotD/C5,lagged_regressor_Re-Oriented MD QTrack NotD/C6,lagged_regressor_Re-Oriented MD QTrack NotD/C7,lagged_regressor_Re-Oriented MD QTrack NotD/C8,lagged_regressor_Re-Oriented MD QTrack NotD/C9,lagged_regressor_Re-Oriented MD QTrack NotD/C10,lagged_regressor_Re-Oriented MD QTrack NotD/C11,lagged_regressor_Re-Oriented MD QTrack NotD/C12,lagged_regressor_Resus Pts1,lagged_regressor_Resus Pts2,lagged_regressor_Resus Pts3,lagged_regressor_Resus Pts4,lagged_regressor_Resus Pts5,lagged_regressor_Resus Pts6,lagged_regressor_Resus Pts7,lagged_regressor_Resus Pts8,lagged_regressor_Resus Pts9,lagged_regressor_Resus Pts10,lagged_regressor_Resus Pts11,lagged_regressor_Resus Pts12,lagged_regressor_Totalpts in PODs except Psych1,lagged_regressor_Totalpts in PODs except Psych2,lagged_regressor_Totalpts in PODs except Psych3,lagged_regressor_Totalpts in PODs except Psych4,lagged_regressor_Totalpts in PODs except Psych5,lagged_regressor_Totalpts in PODs except Psych6,lagged_regressor_Totalpts in PODs except Psych7,lagged_regressor_Totalpts in PODs except Psych8,lagged_regressor_Totalpts in PODs except Psych9,lagged_regressor_Totalpts in PODs except Psych10,lagged_regressor_Totalpts in PODs except Psych11,lagged_regressor_Totalpts in PODs except Psych12,lagged_regressor_Green Pts1,lagged_regressor_Green Pts2,lagged_regressor_Green Pts3,lagged_regressor_Green Pts4,lagged_regressor_Green Pts5,lagged_regressor_Green Pts6,lagged_regressor_Green Pts7,lagged_regressor_Green Pts8,lagged_regressor_Green Pts9,lagged_regressor_Green Pts10,lagged_regressor_Green Pts11,lagged_regressor_Green Pts12,lagged_regressor_Green Pts TBS1,lagged_regressor_Green Pts TBS2,lagged_regressor_Green Pts TBS3,lagged_regressor_Green Pts TBS4,lagged_regressor_Green Pts TBS5,lagged_regressor_Green Pts TBS6,lagged_regressor_Green Pts TBS7,lagged_regressor_Green Pts TBS8,lagged_regressor_Green Pts TBS9,lagged_regressor_Green Pts TBS10,lagged_regressor_Green Pts TBS11,lagged_regressor_Green Pts TBS12,lagged_regressor_Yellow PTS1,lagged_regressor_Yellow PTS2,lagged_regressor_Yellow PTS3,lagged_regressor_Yellow PTS4,lagged_regressor_Yellow PTS5,lagged_regressor_Yellow PTS6,lagged_regressor_Yellow PTS7,lagged_regressor_Yellow PTS8,lagged_regressor_Yellow PTS9,lagged_regressor_Yellow PTS10,lagged_regressor_Yellow PTS11,lagged_regressor_Yellow PTS12,lagged_regressor_Yellow Pts TBS1,lagged_regressor_Yellow Pts TBS2,lagged_regressor_Yellow Pts TBS3,lagged_regressor_Yellow Pts TBS4,lagged_regressor_Yellow Pts TBS5,lagged_regressor_Yellow Pts TBS6,lagged_regressor_Yellow Pts TBS7,lagged_regressor_Yellow Pts TBS8,lagged_regressor_Yellow Pts TBS9,lagged_regressor_Yellow Pts TBS10,lagged_regressor_Yellow Pts TBS11,lagged_regressor_Yellow Pts TBS12,lagged_regressor_Orancge Pts except psych1,lagged_regressor_Orancge Pts except psych2,lagged_regressor_Orancge Pts except psych3,lagged_regressor_Orancge Pts except psych4,lagged_regressor_Orancge Pts except psych5,lagged_regressor_Orancge Pts except psych6,lagged_regressor_Orancge Pts except psych7,lagged_regressor_Orancge Pts except psych8,lagged_regressor_Orancge Pts except psych9,lagged_regressor_Orancge Pts except psych10,lagged_regressor_Orancge Pts except psych11,lagged_regressor_Orancge Pts except psych12,lagged_regressor_Orange Pts TBS1,lagged_regressor_Orange Pts TBS2,lagged_regressor_Orange Pts TBS3,lagged_regressor_Orange Pts TBS4,lagged_regressor_Orange Pts TBS5,lagged_regressor_Orange Pts TBS6,lagged_regressor_Orange Pts TBS7,lagged_regressor_Orange Pts TBS8,lagged_regressor_Orange Pts TBS9,lagged_regressor_Orange Pts TBS10,lagged_regressor_Orange Pts TBS11,lagged_regressor_Orange Pts TBS12,lagged_regressor_Consults > 2h in PODS except IM1,lagged_regressor_Consults > 2h in PODS except IM2,lagged_regressor_Consults > 2h in PODS except IM3,lagged_regressor_Consults > 2h in PODS except IM4,lagged_regressor_Consults > 2h in PODS except IM5,lagged_regressor_Consults > 2h in PODS except IM6,lagged_regressor_Consults > 2h in PODS except IM7,lagged_regressor_Consults > 2h in PODS except IM8,lagged_regressor_Consults > 2h in PODS except IM9,lagged_regressor_Consults > 2h in PODS except IM10,lagged_regressor_Consults > 2h in PODS except IM11,lagged_regressor_Consults > 2h in PODS except IM12,lagged_regressor_Consult for IM >4h in PODS1,lagged_regressor_Consult for IM >4h in PODS2,lagged_regressor_Consult for IM >4h in PODS3,lagged_regressor_Consult for IM >4h in PODS4,lagged_regressor_Consult for IM >4h in PODS5,lagged_regressor_Consult for IM >4h in PODS6,lagged_regressor_Consult for IM >4h in PODS7,lagged_regressor_Consult for IM >4h in PODS8,lagged_regressor_Consult for IM >4h in PODS9,lagged_regressor_Consult for IM >4h in PODS10,lagged_regressor_Consult for IM >4h in PODS11,lagged_regressor_Consult for IM >4h in PODS12,lagged_regressor_Plain films reqs > 2 h in PODs1,lagged_regressor_Plain films reqs > 2 h in PODs2,lagged_regressor_Plain films reqs > 2 h in PODs3,lagged_regressor_Plain films reqs > 2 h in PODs4,lagged_regressor_Plain films reqs > 2 h in PODs5,lagged_regressor_Plain films reqs > 2 h in PODs6,lagged_regressor_Plain films reqs > 2 h in PODs7,lagged_regressor_Plain films reqs > 2 h in PODs8,lagged_regressor_Plain films reqs > 2 h in PODs9,lagged_regressor_Plain films reqs > 2 h in PODs10,lagged_regressor_Plain films reqs > 2 h in PODs11,lagged_regressor_Plain films reqs > 2 h in PODs12,lagged_regressor_CTs reqs > 2 h in PODs1,lagged_regressor_CTs reqs > 2 h in PODs2,lagged_regressor_CTs reqs > 2 h in PODs3,lagged_regressor_CTs reqs > 2 h in PODs4,lagged_regressor_CTs reqs > 2 h in PODs5,lagged_regressor_CTs reqs > 2 h in PODs6,lagged_regressor_CTs reqs > 2 h in PODs7,lagged_regressor_CTs reqs > 2 h in PODs8,lagged_regressor_CTs reqs > 2 h in PODs9,lagged_regressor_CTs reqs > 2 h in PODs10,lagged_regressor_CTs reqs > 2 h in PODs11,lagged_regressor_CTs reqs > 2 h in PODs12,lagged_regressor_Post POD (Family room)1,lagged_regressor_Post POD (Family room)2,lagged_regressor_Post POD (Family room)3,lagged_regressor_Post POD (Family room)4,lagged_regressor_Post POD (Family room)5,lagged_regressor_Post POD (Family room)6,lagged_regressor_Post POD (Family room)7,lagged_regressor_Post POD (Family room)8,lagged_regressor_Post POD (Family room)9,lagged_regressor_Post POD (Family room)10,lagged_regressor_Post POD (Family room)11,lagged_regressor_Post POD (Family room)12,lagged_regressor_Stretcher Pts in Vertical1,lagged_regressor_Stretcher Pts in Vertical2,lagged_regressor_Stretcher Pts in Vertical3,lagged_regressor_Stretcher Pts in Vertical4,lagged_regressor_Stretcher Pts in Vertical5,lagged_regressor_Stretcher Pts in Vertical6,lagged_regressor_Stretcher Pts in Vertical7,lagged_regressor_Stretcher Pts in Vertical8,lagged_regressor_Stretcher Pts in Vertical9,lagged_regressor_Stretcher Pts in Vertical10,lagged_regressor_Stretcher Pts in Vertical11,lagged_regressor_Stretcher Pts in Vertical12,lagged_regressor_Stretcher Pts TBS in Vertical1,lagged_regressor_Stretcher Pts TBS in Vertical2,lagged_regressor_Stretcher Pts TBS in Vertical3,lagged_regressor_Stretcher Pts TBS in Vertical4,lagged_regressor_Stretcher Pts TBS in Vertical5,lagged_regressor_Stretcher Pts TBS in Vertical6,lagged_regressor_Stretcher Pts TBS in Vertical7,lagged_regressor_Stretcher Pts TBS in Vertical8,lagged_regressor_Stretcher Pts TBS in Vertical9,lagged_regressor_Stretcher Pts TBS in Vertical10,lagged_regressor_Stretcher Pts TBS in Vertical11,lagged_regressor_Stretcher Pts TBS in Vertical12,lagged_regressor_Stretcher Pts in Vertical on Lazyboy1,lagged_regressor_Stretcher Pts in Vertical on Lazyboy2,lagged_regressor_Stretcher Pts in Vertical on Lazyboy3,lagged_regressor_Stretcher Pts in Vertical on Lazyboy4,lagged_regressor_Stretcher Pts in Vertical on Lazyboy5,lagged_regressor_Stretcher Pts in Vertical on Lazyboy6,lagged_regressor_Stretcher Pts in Vertical on Lazyboy7,lagged_regressor_Stretcher Pts in Vertical on Lazyboy8,lagged_regressor_Stretcher Pts in Vertical on Lazyboy9,lagged_regressor_Stretcher Pts in Vertical on Lazyboy10,lagged_regressor_Stretcher Pts in Vertical on Lazyboy11,lagged_regressor_Stretcher Pts in Vertical on Lazyboy12,lagged_regressor_Vertical Pts Waiting for Results1,lagged_regressor_Vertical Pts Waiting for Results2,lagged_regressor_Vertical Pts Waiting for Results3,lagged_regressor_Vertical Pts Waiting for Results4,lagged_regressor_Vertical Pts Waiting for Results5,lagged_regressor_Vertical Pts Waiting for Results6,lagged_regressor_Vertical Pts Waiting for Results7,lagged_regressor_Vertical Pts Waiting for Results8,lagged_regressor_Vertical Pts Waiting for Results9,lagged_regressor_Vertical Pts Waiting for Results10,lagged_regressor_Vertical Pts Waiting for Results11,lagged_regressor_Vertical Pts Waiting for Results12,lagged_regressor_Ambulatory Pts in Vertical1,lagged_regressor_Ambulatory Pts in Vertical2,lagged_regressor_Ambulatory Pts in Vertical3,lagged_regressor_Ambulatory Pts in Vertical4,lagged_regressor_Ambulatory Pts in Vertical5,lagged_regressor_Ambulatory Pts in Vertical6,lagged_regressor_Ambulatory Pts in Vertical7,lagged_regressor_Ambulatory Pts in Vertical8,lagged_regressor_Ambulatory Pts in Vertical9,lagged_regressor_Ambulatory Pts in Vertical10,lagged_regressor_Ambulatory Pts in Vertical11,lagged_regressor_Ambulatory Pts in Vertical12,lagged_regressor_Ambulatory Pts TBS in Vertical1,lagged_regressor_Ambulatory Pts TBS in Vertical2,lagged_regressor_Ambulatory Pts TBS in Vertical3,lagged_regressor_Ambulatory Pts TBS in Vertical4,lagged_regressor_Ambulatory Pts TBS in Vertical5,lagged_regressor_Ambulatory Pts TBS in Vertical6,lagged_regressor_Ambulatory Pts TBS in Vertical7,lagged_regressor_Ambulatory Pts TBS in Vertical8,lagged_regressor_Ambulatory Pts TBS in Vertical9,lagged_regressor_Ambulatory Pts TBS in Vertical10,lagged_regressor_Ambulatory Pts TBS in Vertical11,lagged_regressor_Ambulatory Pts TBS in Vertical12,lagged_regressor_QTrack Patients TBS1,lagged_regressor_QTrack Patients TBS2,lagged_regressor_QTrack Patients TBS3,lagged_regressor_QTrack Patients TBS4,lagged_regressor_QTrack Patients TBS5,lagged_regressor_QTrack Patients TBS6,lagged_regressor_QTrack Patients TBS7,lagged_regressor_QTrack Patients TBS8,lagged_regressor_QTrack Patients TBS9,lagged_regressor_QTrack Patients TBS10,lagged_regressor_QTrack Patients TBS11,lagged_regressor_QTrack Patients TBS12,lagged_regressor_GARAGE patient TBS1,lagged_regressor_GARAGE patient TBS2,lagged_regressor_GARAGE patient TBS3,lagged_regressor_GARAGE patient TBS4,lagged_regressor_GARAGE patient TBS5,lagged_regressor_GARAGE patient TBS6,lagged_regressor_GARAGE patient TBS7,lagged_regressor_GARAGE patient TBS8,lagged_regressor_GARAGE patient TBS9,lagged_regressor_GARAGE patient TBS10,lagged_regressor_GARAGE patient TBS11,lagged_regressor_GARAGE patient TBS12,lagged_regressor_Consults > 2h in Vertical Except IM1,lagged_regressor_Consults > 2h in Vertical Except IM2,lagged_regressor_Consults > 2h in Vertical Except IM3,lagged_regressor_Consults > 2h in Vertical Except IM4,lagged_regressor_Consults > 2h in Vertical Except IM5,lagged_regressor_Consults > 2h in Vertical Except IM6,lagged_regressor_Consults > 2h in Vertical Except IM7,lagged_regressor_Consults > 2h in Vertical Except IM8,lagged_regressor_Consults > 2h in Vertical Except IM9,lagged_regressor_Consults > 2h in Vertical Except IM10,lagged_regressor_Consults > 2h in Vertical Except IM11,lagged_regressor_Consults > 2h in Vertical Except IM12,lagged_regressor_Consult for IM >4h in Vertical1,lagged_regressor_Consult for IM >4h in Vertical2,lagged_regressor_Consult for IM >4h in Vertical3,lagged_regressor_Consult for IM >4h in Vertical4,lagged_regressor_Consult for IM >4h in Vertical5,lagged_regressor_Consult for IM >4h in Vertical6,lagged_regressor_Consult for IM >4h in Vertical7,lagged_regressor_Consult for IM >4h in Vertical8,lagged_regressor_Consult for IM >4h in Vertical9,lagged_regressor_Consult for IM >4h in Vertical10,lagged_regressor_Consult for IM >4h in Vertical11,lagged_regressor_Consult for IM >4h in Vertical12,lagged_regressor_Plain films reqs > 2 hr in Vertical1,lagged_regressor_Plain films reqs > 2 hr in Vertical2,lagged_regressor_Plain films reqs > 2 hr in Vertical3,lagged_regressor_Plain films reqs > 2 hr in Vertical4,lagged_regressor_Plain films reqs > 2 hr in Vertical5,lagged_regressor_Plain films reqs > 2 hr in Vertical6,lagged_regressor_Plain films reqs > 2 hr in Vertical7,lagged_regressor_Plain films reqs > 2 hr in Vertical8,lagged_regressor_Plain films reqs > 2 hr in Vertical9,lagged_regressor_Plain films reqs > 2 hr in Vertical10,lagged_regressor_Plain films reqs > 2 hr in Vertical11,lagged_regressor_Plain films reqs > 2 hr in Vertical12,lagged_regressor_CTs reqs > 2 hrs in Vertical1,lagged_regressor_CTs reqs > 2 hrs in Vertical2,lagged_regressor_CTs reqs > 2 hrs in Vertical3,lagged_regressor_CTs reqs > 2 hrs in Vertical4,lagged_regressor_CTs reqs > 2 hrs in Vertical5,lagged_regressor_CTs reqs > 2 hrs in Vertical6,lagged_regressor_CTs reqs > 2 hrs in Vertical7,lagged_regressor_CTs reqs > 2 hrs in Vertical8,lagged_regressor_CTs reqs > 2 hrs in Vertical9,lagged_regressor_CTs reqs > 2 hrs in Vertical10,lagged_regressor_CTs reqs > 2 hrs in Vertical11,lagged_regressor_CTs reqs > 2 hrs in Vertical12,lagged_regressor_Psych Stretcher Pts1pt1,lagged_regressor_Psych Stretcher Pts1pt2,lagged_regressor_Psych Stretcher Pts1pt3,lagged_regressor_Psych Stretcher Pts1pt4,lagged_regressor_Psych Stretcher Pts1pt5,lagged_regressor_Psych Stretcher Pts1pt6,lagged_regressor_Psych Stretcher Pts1pt7,lagged_regressor_Psych Stretcher Pts1pt8,lagged_regressor_Psych Stretcher Pts1pt9,lagged_regressor_Psych Stretcher Pts1pt10,lagged_regressor_Psych Stretcher Pts1pt11,lagged_regressor_Psych Stretcher Pts1pt12,lagged_regressor_Psych pts waiting for admission1,lagged_regressor_Psych pts waiting for admission2,lagged_regressor_Psych pts waiting for admission3,lagged_regressor_Psych pts waiting for admission4,lagged_regressor_Psych pts waiting for admission5,lagged_regressor_Psych pts waiting for admission6,lagged_regressor_Psych pts waiting for admission7,lagged_regressor_Psych pts waiting for admission8,lagged_regressor_Psych pts waiting for admission9,lagged_regressor_Psych pts waiting for admission10,lagged_regressor_Psych pts waiting for admission11,lagged_regressor_Psych pts waiting for admission12,lagged_regressor_Total Pod TBS1,lagged_regressor_Total Pod TBS2,lagged_regressor_Total Pod TBS3,lagged_regressor_Total Pod TBS4,lagged_regressor_Total Pod TBS5,lagged_regressor_Total Pod TBS6,lagged_regressor_Total Pod TBS7,lagged_regressor_Total Pod TBS8,lagged_regressor_Total Pod TBS9,lagged_regressor_Total Pod TBS10,lagged_regressor_Total Pod TBS11,lagged_regressor_Total Pod TBS12,lagged_regressor_Total Vertical TBS1,lagged_regressor_Total Vertical TBS2,lagged_regressor_Total Vertical TBS3,lagged_regressor_Total Vertical TBS4,lagged_regressor_Total Vertical TBS5,lagged_regressor_Total Vertical TBS6,lagged_regressor_Total Vertical TBS7,lagged_regressor_Total Vertical TBS8,lagged_regressor_Total Vertical TBS9,lagged_regressor_Total Vertical TBS10,lagged_regressor_Total Vertical TBS11,lagged_regressor_Total Vertical TBS12,trend,season_weekly,season_daily,events_additive,event_Boxing Day,event_Boxing Day (Observed),event_Canada Day,event_Christmas Day (Observed),event_Civic Holiday,event_Easter Monday,event_Family Day,event_Good Friday,event_Labour Day,event_New Year's Day,event_New Year's Day (Observed),event_Thanksgiving,event_Victoria Day,future_regressors_additive,future_regressor_dew,future_regressor_humidity,future_regressor_precip,future_regressor_sealevelpressure,future_regressor_temp,future_regressor_windspeed
2022-10-07 01:00:00,,6.393373012542725,,,,,,,,,,,,,,,,,,,,,,,,-2.4789576530456543,,,,,,,,,,,,9.19093132019043,,,,,,,,,,,,-10.55049991607666,,,,,,,,,,,,-0.4124862849712372,,,,,,,,,,,,-4.49802827835083,,,,,,,,,,,,18.488616943359375,,,,,,,,,,,,-0.5424412488937378,,,,,,,,,,,,-1.081680417060852,,,,,,,,,,,,-0.21768780052661896,,,,,,,,,,,,-3.14042329788208,,,,,,,,,,,,2.8697686195373535,,,,,,,,,,,,-1.527665376663208,,,,,,,,,,,,31.08104133605957,,,,,,,,,,,,-2.1481730937957764,,,,,,,,,,,,0.06647796928882599,,,,,,,,,,,,-0.10857787728309631,,,,,,,,,,,,-0.422991007566452,,,,,,,,,,,,-1.7814810276031494,,,,,,,,,,,,-1.1583526134490967,,,,,,,,,,,,-45.464500427246094,,,,,,,,,,,,12.788496017456055,,,,,,,,,,,,0.26952964067459106,,,,,,,,,,,,11.569995880126953,,,,,,,,,,,,-1.0686465501785278,,,,,,,,,,,,11.508715629577637,,,,,,,,,,,,-2.8926148414611816,,,,,,,,,,,,1.1869547367095947,,,,,,,,,,,,0.15193620324134827,,,,,,,,,,,,0.14863434433937073,,,,,,,,,,,,-0.41419345140457153,,,,,,,,,,,,0.0008835131884552538,,,,,,,,,,,,-16.638748168945312,,,,,,,,,,,,4.389554977416992,,,,,,,,,,,,0.5530954003334045,,,,,,,,,,,,0.4890398383140564,,,,,,,,,,,,-4.291306018829346,,,,,,,,,,,,-4.670896530151367,,,,,,,,,,,,0.30114778876304626,,,,,,,,,,,,0.0,,,,,,,,,,,,-0.18722347915172577,,,,,,,,,,,,-0.12856446206569672,,,,,,,,,,,,0.27993157505989075,,,,,,,,,,,,-0.2214784175157547,,,,,,,,,,,,-5.022008895874023,,,,,,,,,,,,-1.002378225326538,,,,,,,,,,,,3.2209644317626953,,,,,,,,,,,,5.614620685577393,,,,,,,,,,,,3.0338432788848877,0.3816065192222595,-2.191180944442749,0.0,0.0,0.0,0.0,0.0,0.0,0.0,0.0,0.0,0.0,0.0,0.0,0.0,0.0,3.0707716941833496,-5.94795036315918,2.04225754737854,0.0,0.26103079319000244,6.773914337158203,-0.058480557054281235
2022-10-07 02:00:00,,,,4.866076946258545,,,,,,,,,,,,,,,,,,,,,,,-4.420246124267578,,,,,,,,,,,,2.5314273834228516,,,,,,,,,,,,4.6373491287231445,,,,,,,,,,,,3.4105782508850098,,,,,,,,,,,,9.244368553161621,,,,,,,,,,,,-7.354425430297852,,,,,,,,,,,,3.8691043853759766,,,,,,,,,,,,-1.7623612880706787,,,,,,,,,,,,-0.48099246621131897,,,,,,,,,,,,-0.6643540859222412,,,,,,,,,,,,1.4488624334335327,,,,,,,,,,,,-3.5540122985839844,,,,,,,,,,,,-11.561812400817871,,,,,,,,,,,,2.6075804233551025,,,,,,,,,,,,-1.944606065750122,,,,,,,,,,,,-1.3560800552368164,,,,,,,,,,,,-0.5014209747314453,,,,,,,,,,,,-2.344451665878296,,,,,,,,,,,,0.40849024057388306,,,,,,,,,,,,22.26502227783203,,,,,,,,,,,,-5.991921424865723,,,,,,,,,,,,-0.11091761291027069,,,,,,,,,,,,-6.656093597412109,,,,,,,,,,,,0.6643109321594238,,,,,,,,,,,,-4.483485698699951,,,,,,,,,,,,4.473826885223389,,,,,,,,,,,,1.1255195140838623,,,,,,,,,,,,-0.7342169880867004,,,,,,,,,,,,-0.7307122945785522,,,,,,,,,,,,-0.8561880588531494,,,,,,,,,,,,0.1425308734178543,,,,,,,,,,,,3.8840363025665283,,,,,,,,,,,,-3.7079880237579346,,,,,,,,,,,,1.5690598487854004,,,,,,,,,,,,0.33688658475875854,,,,,,,,,,,,2.6770694255828857,,,,,,,,,,,,3.863189220428467,,,,,,,,,,,,2.4237852096557617,,,,,,,,,,,,0.0,,,,,,,,,,,,-0.5313887000083923,,,,,,,,,,,,-0.3625684678554535,,,,,,,,,,,,-0.07083579152822495,,,,,,,,,,,,-0.5477209091186523,,,,,,,,,,,,1.080320119857788,,,,,,,,,,,,-0.15828201174736023,,,,,,,,,,,,-5.574642658233643,,,,,,,,,,,,-1.8373843431472778,,,,,,,,,,,3.0349698066711426,0.3874359726905823,-6.0056915283203125,0.0,0.0,0.0,0.0,0.0,0.0,0.0,0.0,0.0,0.0,0.0,0.0,0.0,0.0,3.085153102874756,-5.94795036315918,2.2073171138763428,0.0,0.26074492931365967,6.613775253295898,-0.048733796924352646
2022-10-07 03:00:00,,,,,,2.959638833999634,,,,,,,,,,,,,,,,,,,,,,13.938176155090332,,,,,,,,,,,,-2.554258346557617,,,,,,,,,,,,-0.5671078562736511,,,,,,,,,,,,-8.731252670288086,,,,,,,,,,,,1.2859214544296265,,,,,,,,,,,,2.8597733974456787,,,,,,,,,,,,0.6491996645927429,,,,,,,,,,,,0.2758328318595886,,,,,,,,,,,,-0.30254238843917847,,,,,,,,,,,,-3.0798516273498535,,,,,,,,,,,,-0.08470440655946732,,,,,,,,,,,,-0.9494373202323914,,,,,,,,,,,,-20.00480079650879,,,,,,,,,,,,2.7015838623046875,,,,,,,,,,,,-2.0500779151916504,,,,,,,,,,,,-2.765774965286255,,,,,,,,,,,,-0.3169998228549957,,,,,,,,,,,,-1.3436009883880615,,,,,,,,,,,,0.8773013353347778,,,,,,,,,,,,-24.252586364746094,,,,,,,,,,,,15.437849044799805,,,,,,,,,,,,3.7485268115997314,,,,,,,,,,,,11.264260292053223,,,,,,,,,,,,0.5458192825317383,,,,,,,,,,,,12.704509735107422,,,,,,,,,,,,-4.166961193084717,,,,,,,,,,,,0.8094847202301025,,,,,,,,,,,,-0.4193011224269867,,,,,,,,,,,,0.11277519911527634,,,,,,,,,,,,-0.5134493112564087,,,,,,,,,,,,-0.07869963347911835,,,,,,,,,,,,1.0229573249816895,,,,,,,,,,,,3.1769754886627197,,,,,,,,,,,,2.061448097229004,,,,,,,,,,,,0.4378405809402466,,,,,,,,,,,,-6.861752510070801,,,,,,,,,,,,22.82908058166504,,,,,,,,,,,,4.174004077911377,,,,,,,,,,,,0.0,,,,,,,,,,,,-0.7200588583946228,,,,,,,,,,,,0.35128092765808105,,,,,,,,,,,,-0.27494189143180847,,,,,,,,,,,,-0.12080593407154083,,,,,,,,,,,,2.4490325450897217,,,,,,,,,,,,0.4298970699310303,,,,,,,,,,,,1.1226537227630615,,,,,,,,,,,,-20.75918197631836,,,,,,,,,,3.0360963344573975,0.39291203022003174,-7.903161525726318,0.0,0.0,0.0,0.0,0.0,0.0,0.0,0.0,0.0,0.0,0.0,0.0,0.0,0.0,3.0857510566711426,-5.891970157623291,2.2222578525543213,0.0,0.26074492931365967,6.533705234527588,-0.038987040519714355
2022-10-07 04:00:00,,,,,,,,6.954187393188477,,,,,,,,,,,,,,,,,,,,,-28.130311965942383,,,,,,,,,,,,20.951902389526367,,,,,,,,,,,,-1.027632474899292,,,,,,,,,,,,9.604426383972168,,,,,,,,,,,,0.004418492317199707,,,,,,,,,,,,-0.5613147020339966,,,,,,,,,,,,0.5770763158798218,,,,,,,,,,,,1.8758455514907837,,,,,,,,,,,,-0.12326719611883163,,,,,,,,,,,,-4.60288667678833,,,,,,,,,,,,1.9080618619918823,,,,,,,,,,,,1.4583790302276611,,,,,,,,,,,,-8.852351188659668,,,,,,,,,,,,1.3324179649353027,,,,,,,,,,,,-0.7086204290390015,,,,,,,,,,,,1.5672401189804077,,,,,,,,,,,,-0.2995203733444214,,,,,,,,,,,,-1.3681228160858154,,,,,,,,,,,,0.7425612807273865,,,,,,,,,,,,-8.822341918945312,,,,,,,,,,,,6.730546474456787,,,,,,,,,,,,5.044192314147949,,,,,,,,,,,,6.06127405166626,,,,,,,,,,,,0.010355919599533081,,,,,,,,,,,,4.031547546386719,,,,,,,,,,,,11.268935203552246,,,,,,,,,,,,0.4314088225364685,,,,,,,,,,,,0.015527757816016674,,,,,,,,,,,,-0.5293429493904114,,,,,,,,,,,,-0.4351364076137543,,,,,,,,,,,,-0.042519524693489075,,,,,,,,,,,,1.806904911994934,,,,,,,,,,,,5.868488311767578,,,,,,,,,,,,1.3868402242660522,,,,,,,,,,,,0.6454684138298035,,,,,,,,,,,,-5.102571964263916,,,,,,,,,,,,23.038843154907227,,,,,,,,,,,,3.3569889068603516,,,,,,,,,,,,0.0,,,,,,,,,,,,-0.1712506115436554,,,,,,,,,,,,-0.46296098828315735,,,,,,,,,,,,-0.09612587094306946,,,,,,,,,,,,-0.16855265200138092,,,,,,,,,,,,0.5545898675918579,,,,,,,,,,,,-1.0862973928451538,,,,,,,,,,,,-15.015697479248047,,,,,,,,,,,,-25.844724655151367,,,,,,,,,3.0372228622436523,0.3977585732936859,-6.46306848526001,0.0,0.0,0.0,0.0,0.0,0.0,0.0,0.0,0.0,0.0,0.0,0.0,0.0,0.0,3.159578800201416,-5.94795036315918,2.5171597003936768,0.0,0.26074492931365967,6.341536998748779,-0.011912706308066845
2022-10-07 05:00:00,,,,,,,,,,2.257593870162964,,,,,,,,,,,,,,,,,,,,-12.905823707580566,,,,,,,,,,,,10.434991836547852,,,,,,,,,,,,-6.749938488006592,,,,,,,,,,,,4.123804092407227,,,,,,,,,,,,-2.8827965259552,,,,,,,,,,,,15.809966087341309,,,,,,,,,,,,1.257396936416626,,,,,,,,,,,,-4.669217109680176,,,,,,,,,,,,-0.4706210494041443,,,,,,,,,,,,-2.727362632751465,,,,,,,,,,,,1.6516693830490112,,,,,,,,,,,,-1.0142959356307983,,,,,,,,,,,,-6.356828689575195,,,,,,,,,,,,1.638298749923706,,,,,,,,,,,,-0.9753773212432861,,,,,,,,,,,,-0.5342608690261841,,,,,,,,,,,,-0.21050751209259033,,,,,,,,,,,,-2.6868226528167725,,,,,,,,,,,,0.9413560628890991,,,,,,,,,,,,17.3489990234375,,,,,,,,,,,,-3.9318199157714844,,,,,,,,,,,,4.971996307373047,,,,,,,,,,,,-4.705916404724121,,,,,,,,,,,,7.012266159057617,,,,,,,,,,,,-6.30286169052124,,,,,,,,,,,,-4.869451999664307,,,,,,,,,,,,0.8149391412734985,,,,,,,,,,,,-0.11408020555973053,,,,,,,,,,,,-0.4759480059146881,,,,,,,,,,,,-0.2469410002231598,,,,,,,,,,,,0.16080182790756226,,,,,,,,,,,,-0.05045901983976364,,,,,,,,,,,,-2.543962240219116,,,,,,,,,,,,2.458141326904297,,,,,,,,,,,,0.6974361538887024,,,,,,,,,,,,-5.075601577758789,,,,,,,,,,,,6.026834011077881,,,,,,,,,,,,2.9989864826202393,,,,,,,,,,,,0.0,,,,,,,,,,,,-0.506030797958374,,,,,,,,,,,,-0.11833691596984863,,,,,,,,,,,,0.13675959408283234,,,,,,,,,,,,-0.31672194600105286,,,,,,,,,,,,-0.7000062465667725,,,,,,,,,,,,0.8184890747070312,,,,,,,,,,,,-7.688228130340576,,,,,,,,,,,,0.19046393036842346,,,,,,,,3.0383481979370117,0.4016716480255127,-3.985051393508911,0.0,0.0,0.0,0.0,0.0,0.0,0.0,0.0,0.0,0.0,0.0,0.0,0.0,0.0,3.1392507553100586,-5.94795036315918,2.5559346675872803,0.0,0.26074492931365967,6.309508800506592,-0.038987040519714355
2022-10-07 06:00:00,,,,,,,,,,,,7.952369689941406,,,,,,,,,,,,,,,,,,,12.944432258605957,,,,,,,,,,,,-3.1444764137268066,,,,,,,,,,,,-2.0962021350860596,,,,,,,,,,,,-4.204123020172119,,,,,,,,,,,,-0.8937861919403076,,,,,,,,,,,,3.801236391067505,,,,,,,,,,,,1.4722084999084473,,,,,,,,,,,,-2.803541421890259,,,,,,,,,,,,-0.13955305516719818,,,,,,,,,,,,-3.262223482131958,,,,,,,,,,,,2.0102264881134033,,,,,,,,,,,,1.5972111225128174,,,,,,,,,,,,-6.954491138458252,,,,,,,,,,,,3.4742465019226074,,,,,,,,,,,,-2.6989710330963135,,,,,,,,,,,,0.11783793568611145,,,,,,,,,,,,-0.5570808053016663,,,,,,,,,,,,-1.655423879623413,,,,,,,,,,,,0.09459759294986725,,,,,,,,,,,,31.84926414489746,,,,,,,,,,,,-10.553482055664062,,,,,,,,,,,,-3.232682943344116,,,,,,,,,,,,-9.799945831298828,,,,,,,,,,,,-2.3584001064300537,,,,,,,,,,,,-11.515647888183594,,,,,,,,,,,,-5.198372840881348,,,,,,,,,,,,0.7235265374183655,,,,,,,,,,,,-0.3166465163230896,,,,,,,,,,,,0.3666214644908905,,,,,,,,,,,,-0.3910651206970215,,,,,,,,,,,,-0.0600610226392746,,,,,,,,,,,,2.749727249145508,,,,,,,,,,,,2.775956869125366,,,,,,,,,,,,1.4811192750930786,,,,,,,,,,,,-0.027725335210561752,,,,,,,,,,,,1.1994460821151733,,,,,,,,,,,,-7.038807392120361,,,,,,,,,,,,0.9670064449310303,,,,,,,,,,,,0.0,,,,,,,,,,,,-0.25245046615600586,,,,,,,,,,,,0.2206072360277176,,,,,,,,,,,,-0.3099031448364258,,,,,,,,,,,,0.3420228958129883,,,,,,,,,,,,0.3246041238307953,,,,,,,,,,,,1.3177039623260498,,,,,,,,,,,,10.15914535522461,,,,,,,,,,,,3.910045862197876,,,,,,,3.0394744873046875,0.4043236970901489,-3.0126407146453857,0.0,0.0,0.0,0.0,0.0,0.0,0.0,0.0,0.0,0.0,0.0,0.0,0.0,0.0,3.0874760150909424,-5.94795036315918,2.4975943565368652,-0.03768691420555115,0.26074492931365967,6.357551574707031,-0.04277744144201279
2022-10-07 07:00:00,,,,,,,,,,,,,,5.533320426940918,,,,,,,,,,,,,,,,,,5.325463771820068,,,,,,,,,,,,3.787087917327881,,,,,,,,,,,,1.8829151391983032,,,,,,,,,,,,-7.237934112548828,,,,,,,,,,,,4.338588714599609,,,,,,,,,,,,-8.325233459472656,,,,,,,,,,,,2.3788485527038574,,,,,,,,,,,,1.9867432117462158,,,,,,,,,,,,-0.1984209269285202,,,,,,,,,,,,-3.6448974609375,,,,,,,,,,,,5.465015411376953,,,,,,,,,,,,-1.4710139036178589,,,,,,,,,,,,-0.9921918511390686,,,,,,,,,,,,-1.459662675857544,,,,,,,,,,,,0.5378347039222717,,,,,,,,,,,,0.27336448431015015,,,,,,,,,,,,-0.294653981924057,,,,,,,,,,,,-2.35849666595459,,,,,,,,,,,,1.036244511604309,,,,,,,,,,,,6.178680896759033,,,,,,,,,,,,-0.5308108329772949,,,,,,,,,,,,2.8099536895751953,,,,,,,,,,,,-1.2514947652816772,,,,,,,,,,,,-2.7228939533233643,,,,,,,,,,,,0.8247973322868347,,,,,,,,,,,,4.407828330993652,,,,,,,,,,,,-0.737513542175293,,,,,,,,,,,,3.176182508468628e-05,,,,,,,,,,,,-0.14969632029533386,,,,,,,,,,,,-0.09530182182788849,,,,,,,,,,,,-0.07497330754995346,,,,,,,,,,,,-3.9965593814849854,,,,,,,,,,,,-4.769840717315674,,,,,,,,,,,,1.5649514198303223,,,,,,,,,,,,-0.33330047130584717,,,,,,,,,,,,-6.755019187927246,,,,,,,,,,,,-12.555768966674805,,,,,,,,,,,,0.43770265579223633,,,,,,,,,,,,0.0,,,,,,,,,,,,-0.8394361138343811,,,,,,,,,,,,0.1091570034623146,,,,,,,,,,,,-0.13196584582328796,,,,,,,,,,,,-0.06932687014341354,,,,,,,,,,,,-1.4557623863220215,,,,,,,,,,,,0.5426383018493652,,,,,,,,,,,,-5.074192047119141,,,,,,,,,,,,26.392019271850586,,,,,,3.040599822998047,0.405367910861969,-3.8112316131591797,0.0,0.0,0.0,0.0,0.0,0.0,0.0,0.0,0.0,0.0,0.0,0.0,0.0,0.0,3.145076036453247,-6.003931045532227,2.5772786140441895,0.0,0.26074492931365967,6.357551574707031,-0.046567853540182114
2022-10-07 08:00:00,,,,,,,,,,,,,,,,10.600495338439941,,,,,,,,,,,,,,,,,10.140636444091797,,,,,,,,,,,,-5.326425552368164,,,,,,,,,,,,-2.282832145690918,,,,,,,,,,,,-4.896398544311523,,,,,,,,,,,,8.036418914794922,,,,,,,,,,,,-2.6349196434020996,,,,,,,,,,,,0.45941728353500366,,,,,,,,,,,,4.444622993469238,,,,,,,,,,,,-0.11152652651071548,,,,,,,,,,,,-8.595148086547852,,,,,,,,,,,,3.678417921066284,,,,,,,,,,,,-1.598034381866455,,,,,,,,,,,,-17.1573429107666,,,,,,,,,,,,2.963078498840332,,,,,,,,,,,,-1.4489415884017944,,,,,,,,,,,,-1.7057032585144043,,,,,,,,,,,,-0.008402489125728607,,,,,,,,,,,,-2.00866961479187,,,,,,,,,,,,1.6305162906646729,,,,,,,,,,,,2.1675634384155273,,,,,,,,,,,,3.6338720321655273,,,,,,,,,,,,9.034621238708496,,,,,,,,,,,,5.208261013031006,,,,,,,,,,,,5.202511310577393,,,,,,,,,,,,3.4187746047973633,,,,,,,,,,,,11.356714248657227,,,,,,,,,,,,0.8039107322692871,,,,,,,,,,,,-0.2183113396167755,,,,,,,,,,,,-0.4772922992706299,,,,,,,,,,,,0.06194240599870682,,,,,,,,,,,,0.23108935356140137,,,,,,,,,,,,1.597363829612732,,,,,,,,,,,,-1.9028756618499756,,,,,,,,,,,,1.678990125656128,,,,,,,,,,,,0.5203980803489685,,,,,,,,,,,,-9.25014591217041,,,,,,,,,,,,-1.3405660390853882,,,,,,,,,,,,1.0850598812103271,,,,,,,,,,,,0.0,,,,,,,,,,,,-0.8211472034454346,,,,,,,,,,,,0.23344780504703522,,,,,,,,,,,,-0.035417310893535614,,,,,,,,,,,,0.5168407559394836,,,,,,,,,,,,1.5023630857467651,,,,,,,,,,,,0.9023531675338745,,,,,,,,,,,,-27.164365768432617,,,,,,,,,,,,16.72655487060547,,,,,3.0417263507843018,0.4044429659843445,-4.2424750328063965,0.0,0.0,0.0,0.0,0.0,0.0,0.0,0.0,0.0,0.0,0.0,0.0,0.0,0.0,3.1455235481262207,-6.017926216125488,2.5580689907073975,0.0,0.26074492931365967,6.3895792961120605,-0.04494338855147362
2022-10-07 09:00:00,,,,,,,,,,,,,,,,,,19.12801170349121,,,,,,,,,,,,,,,,2.6160855293273926,,,,,,,,,,,,0.5302200317382812,,,,,,,,,,,,3.5191714763641357,,,,,,,,,,,,-3.5182814598083496,,,,,,,,,,,,2.0213801860809326,,,,,,,,,,,,6.5772199630737305,,,,,,,,,,,,2.0705301761627197,,,,,,,,,,,,1.1399866342544556,,,,,,,,,,,,0.014164678752422333,,,,,,,,,,,,-3.127425193786621,,,,,,,,,,,,-1.550452709197998,,,,,,,,,,,,-0.32572799921035767,,,,,,,,,,,,-5.965149879455566,,,,,,,,,,,,1.7747334241867065,,,,,,,,,,,,-1.3075697422027588,,,,,,,,,,,,-0.741911768913269,,,,,,,,,,,,0.264727383852005,,,,,,,,,,,,-1.5164384841918945,,,,,,,,,,,,1.816254734992981,,,,,,,,,,,,3.5073843002319336,,,,,,,,,,,,2.1691694259643555,,,,,,,,,,,,0.6004645228385925,,,,,,,,,,,,2.226243495941162,,,,,,,,,,,,-0.5158992409706116,,,,,,,,,,,,-0.8402996063232422,,,,,,,,,,,,-1.9003607034683228,,,,,,,,,,,,1.2614864110946655,,,,,,,,,,,,0.7485024333000183,,,,,,,,,,,,-0.4537811875343323,,,,,,,,,,,,-0.17398537695407867,,,,,,,,,,,,0.21896618604660034,,,,,,,,,,,,-0.3851698637008667,,,,,,,,,,,,3.489405393600464,,,,,,,,,,,,1.7314603328704834,,,,,,,,,,,,-0.478954553604126,,,,,,,,,,,,-4.451830863952637,,,,,,,,,,,,11.911149024963379,,,,,,,,,,,,-0.7241740822792053,,,,,,,,,,,,0.0,,,,,,,,,,,,-0.6950013637542725,,,,,,,,,,,,-0.12059029191732407,,,,,,,,,,,,-0.390362411737442,,,,,,,,,,,,0.3595835268497467,,,,,,,,,,,,-0.3713342249393463,,,,,,,,,,,,1.8747854232788086,,,,,,,,,,,,0.540743350982666,,,,,,,,,,,,-9.266290664672852,,,,3.042851686477661,0.40117812156677246,-1.5615168809890747,0.0,0.0,0.0,0.0,0.0,0.0,0.0,0.0,0.0,0.0,0.0,0.0,0.0,0.0,3.0826704502105713,-6.003931045532227,2.3503212928771973,0.0,0.26074492931365967,6.549718856811523,-0.07418366521596909
2022-10-07 10:00:00,,,,,,,,,,,,,,,,,,,,19.915191650390625,,,,,,,,,,,,,,,20.467487335205078,,,,,,,,,,,,-9.614972114562988,,,,,,,,,,,,-7.588340759277344,,,,,,,,,,,,-10.208571434020996,,,,,,,,,,,,-5.141498565673828,,,,,,,,,,,,20.236967086791992,,,,,,,,,,,,1.2117027044296265,,,,,,,,,,,,-1.6385127305984497,,,,,,,,,,,,-0.15514113008975983,,,,,,,,,,,,-4.350241661071777,,,,,,,,,,,,5.828915596008301,,,,,,,,,,,,-1.250882625579834,,,,,,,,,,,,-1.920817494392395,,,,,,,,,,,,-0.7138332724571228,,,,,,,,,,,,0.19780674576759338,,,,,,,,,,,,-0.9289656281471252,,,,,,,,,,,,0.24978452920913696,,,,,,,,,,,,-1.0965231657028198,,,,,,,,,,,,0.7469845414161682,,,,,,,,,,,,18.807392120361328,,,,,,,,,,,,-5.327793121337891,,,,,,,,,,,,-2.3459784984588623,,,,,,,,,,,,-6.314293384552002,,,,,,,,,,,,-2.009943962097168,,,,,,,,,,,,-6.465400218963623,,,,,,,,,,,,6.25602912902832,,,,,,,,,,,,0.12015607953071594,,,,,,,,,,,,-0.17783312499523163,,,,,,,,,,,,0.1464117467403412,,,,,,,,,,,,0.626481831073761,,,,,,,,,,,,0.16139981150627136,,,,,,,,,,,,-3.7243852615356445,,,,,,,,,,,,-0.5314335227012634,,,,,,,,,,,,3.7881693840026855,,,,,,,,,,,,0.41897597908973694,,,,,,,,,,,,7.492641448974609,,,,,,,,,,,,-6.904067039489746,,,,,,,,,,,,-1.1356840133666992,,,,,,,,,,,,0.0,,,,,,,,,,,,-0.21492815017700195,,,,,,,,,,,,0.3749224543571472,,,,,,,,,,,,-0.3172411620616913,,,,,,,,,,,,0.2917397618293762,,,,,,,,,,,,-0.4357672333717346,,,,,,,,,,,,0.6581977009773254,,,,,,,,,,,,-1.288015604019165,,,,,,,,,,,,3.1290974617004395,,,3.043978214263916,0.3951992392539978,4.030409336090088,0.0,0.0,0.0,0.0,0.0,0.0,0.0,0.0,0.0,0.0,0.0,0.0,0.0,0.0,3.035407543182373,-5.94795036315918,2.1400840282440186,0.0,0.26074492931365967,6.677830696105957,-0.09530165046453476
2022-10-07 11:00:00,,,,,,,,,,,,,,,,,,,,,,21.227828979492188,,,,,,,,,,,,,,-24.889080047607422,,,,,,,,,,,,12.442342758178711,,,,,,,,,,,,4.216359615325928,,,,,,,,,,,,10.48987865447998,,,,,,,,,,,,3.7791953086853027,,,,,,,,,,,,-2.2994883060455322,,,,,,,,,,,,2.715707302093506,,,,,,,,,,,,-1.5667870044708252,,,,,,,,,,,,-0.21317435801029205,,,,,,,,,,,,-0.7683820724487305,,,,,,,,,,,,-0.2798057198524475,,,,,,,,,,,,-0.5844914317131042,,,,,,,,,,,,-0.15760812163352966,,,,,,,,,,,,-1.325687050819397,,,,,,,,,,,,0.6395668983459473,,,,,,,,,,,,1.1681253910064697,,,,,,,,,,,,0.22899962961673737,,,,,,,,,,,,-0.2742377817630768,,,,,,,,,,,,0.10862485319375992,,,,,,,,,,,,-3.532843589782715,,,,,,,,,,,,4.464169502258301,,,,,,,,,,,,4.078909873962402,,,,,,,,,,,,1.5338432788848877,,,,,,,,,,,,2.355973482131958,,,,,,,,,,,,0.39982378482818604,,,,,,,,,,,,-1.6265208721160889,,,,,,,,,,,,-0.11481688916683197,,,,,,,,,,,,-0.4968690574169159,,,,,,,,,,,,0.13702669739723206,,,,,,,,,,,,0.6334803700447083,,,,,,,,,,,,0.11298246681690216,,,,,,,,,,,,-4.6003313064575195,,,,,,,,,,,,-1.224812388420105,,,,,,,,,,,,2.219932794570923,,,,,,,,,,,,0.03771982714533806,,,,,,,,,,,,0.6726635098457336,,,,,,,,,,,,-2.0152907371520996,,,,,,,,,,,,-2.019296646118164,,,,,,,,,,,,0.0,,,,,,,,,,,,-0.9612329006195068,,,,,,,,,,,,0.11159998178482056,,,,,,,,,,,,0.6988822817802429,,,,,,,,,,,,0.3192404806613922,,,,,,,,,,,,0.49410948157310486,,,,,,,,,,,,0.30523020029067993,,,,,,,,,,,,-6.130426406860352,,,,,,,,,,,,7.354930877685547,,3.045104742050171,0.38613414764404297,8.098664283752441,0.0,0.0,0.0,0.0,0.0,0.0,0.0,0.0,0.0,0.0,0.0,0.0,0.0,0.0,3.0597949028015137,-5.975940704345703,2.4605982303619385,0.0,0.26074492931365967,6.42160701751709,-0.10721434652805328
2022-10-07 12:00:00,,,,,,,,,,,,,,,,,,,,,,,,18.009702682495117,,,,,,,,,,,,,-8.66537094116211,,,,,,,,,,,,8.949848175048828,,,,,,,,,,,,3.4354779720306396,,,,,,,,,,,,2.488931655883789,,,,,,,,,,,,9.576024055480957,,,,,,,,,,,,-17.85285186767578,,,,,,,,,,,,-0.435539573431015,,,,,,,,,,,,2.95721435546875,,,,,,,,,,,,-0.16649377346038818,,,,,,,,,,,,1.9778528213500977,,,,,,,,,,,,-2.069214344024658,,,,,,,,,,,,0.031100772321224213,,,,,,,,,,,,-19.31014633178711,,,,,,,,,,,,-2.386866807937622,,,,,,,,,,,,2.8562843799591064,,,,,,,,,,,,1.1342216730117798,,,,,,,,,,,,0.41985002160072327,,,,,,,,,,,,-1.5465058088302612,,,,,,,,,,,,1.139389991760254,,,,,,,,,,,,11.512918472290039,,,,,,,,,,,,1.3318793773651123,,,,,,,,,,,,2.8173184394836426,,,,,,,,,,,,-1.8417032957077026,,,,,,,,,,,,-0.5608839392662048,,,,,,,,,,,,-0.38502779603004456,,,,,,,,,,,,2.00883150100708,,,,,,,,,,,,0.23409810662269592,,,,,,,,,,,,0.15274785459041595,,,,,,,,,,,,-0.20632930099964142,,,,,,,,,,,,-0.005142325535416603,,,,,,,,,,,,0.1493423879146576,,,,,,,,,,,,4.420920372009277,,,,,,,,,,,,-4.423704147338867,,,,,,,,,,,,1.605197548866272,,,,,,,,,,,,0.800327718257904,,,,,,,,,,,,2.054183006286621,,,,,,,,,,,,1.7164002656936646,,,,,,,,,,,,-0.7059758901596069,,,,,,,,,,,,0.0,,,,,,,,,,,,0.26837357878685,,,,,,,,,,,,0.47568684816360474,,,,,,,,,,,,0.12763336300849915,,,,,,,,,,,,-0.21889150142669678,,,,,,,,,,,,1.3434823751449585,,,,,,,,,,,,1.8249706029891968,,,,,,,,,,,,-4.992298126220703,,,,,,,,,,,,2.4810068607330322,3.046231269836426,0.37361857295036316,7.029561519622803,0.0,0.0,0.0,0.0,0.0,0.0,0.0,0.0,0.0,0.0,0.0,0.0,0.0,0.0,3.0417230129241943,-5.849984169006348,2.5335235595703125,-0.012562303803861141,0.26074492931365967,6.213425159454346,-0.10342394560575485
