ds,y,residual1,yhat1,residual2,yhat2,residual3,yhat3,residual4,yhat4,residual5,yhat5,residual6,yhat6,residual7,yhat7,residual8,yhat8,residual9,yhat9,residual10,yhat10,residual11,yhat11,residual12,yhat12,yhat1 20.0%,yhat2 20.0%,yhat3 20.0%,yhat4 20.0%,yhat5 20.0%,yhat6 20.0%,yhat7 20.0%,yhat8 20.0%,yhat9 20.0%,yhat10 20.0%,yhat11 20.0%,yhat12 20.0%,yhat1 80.0%,yhat2 80.0%,yhat3 80.0%,yhat4 80.0%,yhat5 80.0%,yhat6 80.0%,yhat7 80.0%,yhat8 80.0%,yhat9 80.0%,yhat10 80.0%,yhat11 80.0%,yhat12 80.0%,ar1,ar2,ar3,ar4,ar5,ar6,ar7,ar8,ar9,ar10,ar11,ar12,lagged_regressor_Stretcher Pts hrly1,lagged_regressor_Stretcher Pts hrly2,lagged_regressor_Stretcher Pts hrly3,lagged_regressor_Stretcher Pts hrly4,lagged_regressor_Stretcher Pts hrly5,lagged_regressor_Stretcher Pts hrly6,lagged_regressor_Stretcher Pts hrly7,lagged_regressor_Stretcher Pts hrly8,lagged_regressor_Stretcher Pts hrly9,lagged_regressor_Stretcher Pts hrly10,lagged_regressor_Stretcher Pts hrly11,lagged_regressor_Stretcher Pts hrly12,lagged_regressor_Stretcher Pts cum1,lagged_regressor_Stretcher Pts cum2,lagged_regressor_Stretcher Pts cum3,lagged_regressor_Stretcher Pts cum4,lagged_regressor_Stretcher Pts cum5,lagged_regressor_Stretcher Pts cum6,lagged_regressor_Stretcher Pts cum7,lagged_regressor_Stretcher Pts cum8,lagged_regressor_Stretcher Pts cum9,lagged_regressor_Stretcher Pts cum10,lagged_regressor_Stretcher Pts cum11,lagged_regressor_Stretcher Pts cum12,lagged_regressor_Ambulatory Pts hrly1,lagged_regressor_Ambulatory Pts hrly2,lagged_regressor_Ambulatory Pts hrly3,lagged_regressor_Ambulatory Pts hrly4,lagged_regressor_Ambulatory Pts hrly5,lagged_regressor_Ambulatory Pts hrly6,lagged_regressor_Ambulatory Pts hrly7,lagged_regressor_Ambulatory Pts hrly8,lagged_regressor_Ambulatory Pts hrly9,lagged_regressor_Ambulatory Pts hrly10,lagged_regressor_Ambulatory Pts hrly11,lagged_regressor_Ambulatory Pts hrly12,lagged_regressor_Ambulatory Pts cum1,lagged_regressor_Ambulatory Pts cum2,lagged_regressor_Ambulatory Pts cum3,lagged_regressor_Ambulatory Pts cum4,lagged_regressor_Ambulatory Pts cum5,lagged_regressor_Ambulatory Pts cum6,lagged_regressor_Ambulatory Pts cum7,lagged_regressor_Ambulatory Pts cum8,lagged_regressor_Ambulatory Pts cum9,lagged_regressor_Ambulatory Pts cum10,lagged_regressor_Ambulatory Pts cum11,lagged_regressor_Ambulatory Pts cum12,lagged_regressor_Total Inflow hrly1,lagged_regressor_Total Inflow hrly2,lagged_regressor_Total Inflow hrly3,lagged_regressor_Total Inflow hrly4,lagged_regressor_Total Inflow hrly5,lagged_regressor_Total Inflow hrly6,lagged_regressor_Total Inflow hrly7,lagged_regressor_Total Inflow hrly8,lagged_regressor_Total Inflow hrly9,lagged_regressor_Total Inflow hrly10,lagged_regressor_Total Inflow hrly11,lagged_regressor_Total Inflow hrly12,lagged_regressor_Total Inflow cum1,lagged_regressor_Total Inflow cum2,lagged_regressor_Total Inflow cum3,lagged_regressor_Total Inflow cum4,lagged_regressor_Total Inflow cum5,lagged_regressor_Total Inflow cum6,lagged_regressor_Total Inflow cum7,lagged_regressor_Total Inflow cum8,lagged_regressor_Total Inflow cum9,lagged_regressor_Total Inflow cum10,lagged_regressor_Total Inflow cum11,lagged_regressor_Total Inflow cum12,lagged_regressor_Ambulances hrly1,lagged_regressor_Ambulances hrly2,lagged_regressor_Ambulances hrly3,lagged_regressor_Ambulances hrly4,lagged_regressor_Ambulances hrly5,lagged_regressor_Ambulances hrly6,lagged_regressor_Ambulances hrly7,lagged_regressor_Ambulances hrly8,lagged_regressor_Ambulances hrly9,lagged_regressor_Ambulances hrly10,lagged_regressor_Ambulances hrly11,lagged_regressor_Ambulances hrly12,lagged_regressor_Ambulances cum1,lagged_regressor_Ambulances cum2,lagged_regressor_Ambulances cum3,lagged_regressor_Ambulances cum4,lagged_regressor_Ambulances cum5,lagged_regressor_Ambulances cum6,lagged_regressor_Ambulances cum7,lagged_regressor_Ambulances cum8,lagged_regressor_Ambulances cum9,lagged_regressor_Ambulances cum10,lagged_regressor_Ambulances cum11,lagged_regressor_Ambulances cum12,lagged_regressor_FLS hrly1,lagged_regressor_FLS hrly2,lagged_regressor_FLS hrly3,lagged_regressor_FLS hrly4,lagged_regressor_FLS hrly5,lagged_regressor_FLS hrly6,lagged_regressor_FLS hrly7,lagged_regressor_FLS hrly8,lagged_regressor_FLS hrly9,lagged_regressor_FLS hrly10,lagged_regressor_FLS hrly11,lagged_regressor_FLS hrly12,lagged_regressor_Adm requests cum1,lagged_regressor_Adm requests cum2,lagged_regressor_Adm requests cum3,lagged_regressor_Adm requests cum4,lagged_regressor_Adm requests cum5,lagged_regressor_Adm requests cum6,lagged_regressor_Adm requests cum7,lagged_regressor_Adm requests cum8,lagged_regressor_Adm requests cum9,lagged_regressor_Adm requests cum10,lagged_regressor_Adm requests cum11,lagged_regressor_Adm requests cum12,lagged_regressor_Admissions cum1,lagged_regressor_Admissions cum2,lagged_regressor_Admissions cum3,lagged_regressor_Admissions cum4,lagged_regressor_Admissions cum5,lagged_regressor_Admissions cum6,lagged_regressor_Admissions cum7,lagged_regressor_Admissions cum8,lagged_regressor_Admissions cum9,lagged_regressor_Admissions cum10,lagged_regressor_Admissions cum11,lagged_regressor_Admissions cum12,lagged_regressor_Pts waiting for admission CUM1,lagged_regressor_Pts waiting for admission CUM2,lagged_regressor_Pts waiting for admission CUM3,lagged_regressor_Pts waiting for admission CUM4,lagged_regressor_Pts waiting for admission CUM5,lagged_regressor_Pts waiting for admission CUM6,lagged_regressor_Pts waiting for admission CUM7,lagged_regressor_Pts waiting for admission CUM8,lagged_regressor_Pts waiting for admission CUM9,lagged_regressor_Pts waiting for admission CUM10,lagged_regressor_Pts waiting for admission CUM11,lagged_regressor_Pts waiting for admission CUM12,lagged_regressor_Total Stretcher pts1,lagged_regressor_Total Stretcher pts2,lagged_regressor_Total Stretcher pts3,lagged_regressor_Total Stretcher pts4,lagged_regressor_Total Stretcher pts5,lagged_regressor_Total Stretcher pts6,lagged_regressor_Total Stretcher pts7,lagged_regressor_Total Stretcher pts8,lagged_regressor_Total Stretcher pts9,lagged_regressor_Total Stretcher pts10,lagged_regressor_Total Stretcher pts11,lagged_regressor_Total Stretcher pts12,lagged_regressor_Triage hallway pts1,lagged_regressor_Triage hallway pts2,lagged_regressor_Triage hallway pts3,lagged_regressor_Triage hallway pts4,lagged_regressor_Triage hallway pts5,lagged_regressor_Triage hallway pts6,lagged_regressor_Triage hallway pts7,lagged_regressor_Triage hallway pts8,lagged_regressor_Triage hallway pts9,lagged_regressor_Triage hallway pts10,lagged_regressor_Triage hallway pts11,lagged_regressor_Triage hallway pts12,lagged_regressor_Triage hallway pts TBS1,lagged_regressor_Triage hallway pts TBS2,lagged_regressor_Triage hallway pts TBS3,lagged_regressor_Triage hallway pts TBS4,lagged_regressor_Triage hallway pts TBS5,lagged_regressor_Triage hallway pts TBS6,lagged_regressor_Triage hallway pts TBS7,lagged_regressor_Triage hallway pts TBS8,lagged_regressor_Triage hallway pts TBS9,lagged_regressor_Triage hallway pts TBS10,lagged_regressor_Triage hallway pts TBS11,lagged_regressor_Triage hallway pts TBS12,lagged_regressor_Re-Oriented Nurse cum1,lagged_regressor_Re-Oriented Nurse cum2,lagged_regressor_Re-Oriented Nurse cum3,lagged_regressor_Re-Oriented Nurse cum4,lagged_regressor_Re-Oriented Nurse cum5,lagged_regressor_Re-Oriented Nurse cum6,lagged_regressor_Re-Oriented Nurse cum7,lagged_regressor_Re-Oriented Nurse cum8,lagged_regressor_Re-Oriented Nurse cum9,lagged_regressor_Re-Oriented Nurse cum10,lagged_regressor_Re-Oriented Nurse cum11,lagged_regressor_Re-Oriented Nurse cum12,lagged_regressor_Re-Oriented MD QTrack D/C1,lagged_regressor_Re-Oriented MD QTrack D/C2,lagged_regressor_Re-Oriented MD QTrack D/C3,lagged_regressor_Re-Oriented MD QTrack D/C4,lagged_regressor_Re-Oriented MD QTrack D/C5,lagged_regressor_Re-Oriented MD QTrack D/C6,lagged_regressor_Re-Oriented MD QTrack D/C7,lagged_regressor_Re-Oriented MD QTrack D/C8,lagged_regressor_Re-Oriented MD QTrack D/C9,lagged_regressor_Re-Oriented MD QTrack D/C10,lagged_regressor_Re-Oriented MD QTrack D/C11,lagged_regressor_Re-Oriented MD QTrack D/C12,lagged_regressor_Re-Oriented MD QTrack NotD/C1,lagged_regressor_Re-Oriented MD QTrack NotD/C2,lagged_regressor_Re-Oriented MD QTrack NotD/C3,lagged_regressor_Re-Oriented MD QTrack NotD/C4,lagged_regressor_Re-Oriented MD QTrack NotD/C5,lagged_regressor_Re-Oriented MD QTrack NotD/C6,lagged_regressor_Re-Oriented MD QTrack NotD/C7,lagged_regressor_Re-Oriented MD QTrack NotD/C8,lagged_regressor_Re-Oriented MD QTrack NotD/C9,lagged_regressor_Re-Oriented MD QTrack NotD/C10,lagged_regressor_Re-Oriented MD QTrack NotD/C11,lagged_regressor_Re-Oriented MD QTrack NotD/C12,lagged_regressor_Resus Pts1,lagged_regressor_Resus Pts2,lagged_regressor_Resus Pts3,lagged_regressor_Resus Pts4,lagged_regressor_Resus Pts5,lagged_regressor_Resus Pts6,lagged_regressor_Resus Pts7,lagged_regressor_Resus Pts8,lagged_regressor_Resus Pts9,lagged_regressor_Resus Pts10,lagged_regressor_Resus Pts11,lagged_regressor_Resus Pts12,lagged_regressor_Totalpts in PODs except Psych1,lagged_regressor_Totalpts in PODs except Psych2,lagged_regressor_Totalpts in PODs except Psych3,lagged_regressor_Totalpts in PODs except Psych4,lagged_regressor_Totalpts in PODs except Psych5,lagged_regressor_Totalpts in PODs except Psych6,lagged_regressor_Totalpts in PODs except Psych7,lagged_regressor_Totalpts in PODs except Psych8,lagged_regressor_Totalpts in PODs except Psych9,lagged_regressor_Totalpts in PODs except Psych10,lagged_regressor_Totalpts in PODs except Psych11,lagged_regressor_Totalpts in PODs except Psych12,lagged_regressor_Green Pts1,lagged_regressor_Green Pts2,lagged_regressor_Green Pts3,lagged_regressor_Green Pts4,lagged_regressor_Green Pts5,lagged_regressor_Green Pts6,lagged_regressor_Green Pts7,lagged_regressor_Green Pts8,lagged_regressor_Green Pts9,lagged_regressor_Green Pts10,lagged_regressor_Green Pts11,lagged_regressor_Green Pts12,lagged_regressor_Green Pts TBS1,lagged_regressor_Green Pts TBS2,lagged_regressor_Green Pts TBS3,lagged_regressor_Green Pts TBS4,lagged_regressor_Green Pts TBS5,lagged_regressor_Green Pts TBS6,lagged_regressor_Green Pts TBS7,lagged_regressor_Green Pts TBS8,lagged_regressor_Green Pts TBS9,lagged_regressor_Green Pts TBS10,lagged_regressor_Green Pts TBS11,lagged_regressor_Green Pts TBS12,lagged_regressor_Yellow PTS1,lagged_regressor_Yellow PTS2,lagged_regressor_Yellow PTS3,lagged_regressor_Yellow PTS4,lagged_regressor_Yellow PTS5,lagged_regressor_Yellow PTS6,lagged_regressor_Yellow PTS7,lagged_regressor_Yellow PTS8,lagged_regressor_Yellow PTS9,lagged_regressor_Yellow PTS10,lagged_regressor_Yellow PTS11,lagged_regressor_Yellow PTS12,lagged_regressor_Yellow Pts TBS1,lagged_regressor_Yellow Pts TBS2,lagged_regressor_Yellow Pts TBS3,lagged_regressor_Yellow Pts TBS4,lagged_regressor_Yellow Pts TBS5,lagged_regressor_Yellow Pts TBS6,lagged_regressor_Yellow Pts TBS7,lagged_regressor_Yellow Pts TBS8,lagged_regressor_Yellow Pts TBS9,lagged_regressor_Yellow Pts TBS10,lagged_regressor_Yellow Pts TBS11,lagged_regressor_Yellow Pts TBS12,lagged_regressor_Orancge Pts except psych1,lagged_regressor_Orancge Pts except psych2,lagged_regressor_Orancge Pts except psych3,lagged_regressor_Orancge Pts except psych4,lagged_regressor_Orancge Pts except psych5,lagged_regressor_Orancge Pts except psych6,lagged_regressor_Orancge Pts except psych7,lagged_regressor_Orancge Pts except psych8,lagged_regressor_Orancge Pts except psych9,lagged_regressor_Orancge Pts except psych10,lagged_regressor_Orancge Pts except psych11,lagged_regressor_Orancge Pts except psych12,lagged_regressor_Orange Pts TBS1,lagged_regressor_Orange Pts TBS2,lagged_regressor_Orange Pts TBS3,lagged_regressor_Orange Pts TBS4,lagged_regressor_Orange Pts TBS5,lagged_regressor_Orange Pts TBS6,lagged_regressor_Orange Pts TBS7,lagged_regressor_Orange Pts TBS8,lagged_regressor_Orange Pts TBS9,lagged_regressor_Orange Pts TBS10,lagged_regressor_Orange Pts TBS11,lagged_regressor_Orange Pts TBS12,lagged_regressor_Consults > 2h in PODS except IM1,lagged_regressor_Consults > 2h in PODS except IM2,lagged_regressor_Consults > 2h in PODS except IM3,lagged_regressor_Consults > 2h in PODS except IM4,lagged_regressor_Consults > 2h in PODS except IM5,lagged_regressor_Consults > 2h in PODS except IM6,lagged_regressor_Consults > 2h in PODS except IM7,lagged_regressor_Consults > 2h in PODS except IM8,lagged_regressor_Consults > 2h in PODS except IM9,lagged_regressor_Consults > 2h in PODS except IM10,lagged_regressor_Consults > 2h in PODS except IM11,lagged_regressor_Consults > 2h in PODS except IM12,lagged_regressor_Consult for IM >4h in PODS1,lagged_regressor_Consult for IM >4h in PODS2,lagged_regressor_Consult for IM >4h in PODS3,lagged_regressor_Consult for IM >4h in PODS4,lagged_regressor_Consult for IM >4h in PODS5,lagged_regressor_Consult for IM >4h in PODS6,lagged_regressor_Consult for IM >4h in PODS7,lagged_regressor_Consult for IM >4h in PODS8,lagged_regressor_Consult for IM >4h in PODS9,lagged_regressor_Consult for IM >4h in PODS10,lagged_regressor_Consult for IM >4h in PODS11,lagged_regressor_Consult for IM >4h in PODS12,lagged_regressor_Plain films reqs > 2 h in PODs1,lagged_regressor_Plain films reqs > 2 h in PODs2,lagged_regressor_Plain films reqs > 2 h in PODs3,lagged_regressor_Plain films reqs > 2 h in PODs4,lagged_regressor_Plain films reqs > 2 h in PODs5,lagged_regressor_Plain films reqs > 2 h in PODs6,lagged_regressor_Plain films reqs > 2 h in PODs7,lagged_regressor_Plain films reqs > 2 h in PODs8,lagged_regressor_Plain films reqs > 2 h in PODs9,lagged_regressor_Plain films reqs > 2 h in PODs10,lagged_regressor_Plain films reqs > 2 h in PODs11,lagged_regressor_Plain films reqs > 2 h in PODs12,lagged_regressor_CTs reqs > 2 h in PODs1,lagged_regressor_CTs reqs > 2 h in PODs2,lagged_regressor_CTs reqs > 2 h in PODs3,lagged_regressor_CTs reqs > 2 h in PODs4,lagged_regressor_CTs reqs > 2 h in PODs5,lagged_regressor_CTs reqs > 2 h in PODs6,lagged_regressor_CTs reqs > 2 h in PODs7,lagged_regressor_CTs reqs > 2 h in PODs8,lagged_regressor_CTs reqs > 2 h in PODs9,lagged_regressor_CTs reqs > 2 h in PODs10,lagged_regressor_CTs reqs > 2 h in PODs11,lagged_regressor_CTs reqs > 2 h in PODs12,lagged_regressor_Post POD (Family room)1,lagged_regressor_Post POD (Family room)2,lagged_regressor_Post POD (Family room)3,lagged_regressor_Post POD (Family room)4,lagged_regressor_Post POD (Family room)5,lagged_regressor_Post POD (Family room)6,lagged_regressor_Post POD (Family room)7,lagged_regressor_Post POD (Family room)8,lagged_regressor_Post POD (Family room)9,lagged_regressor_Post POD (Family room)10,lagged_regressor_Post POD (Family room)11,lagged_regressor_Post POD (Family room)12,lagged_regressor_Stretcher Pts in Vertical1,lagged_regressor_Stretcher Pts in Vertical2,lagged_regressor_Stretcher Pts in Vertical3,lagged_regressor_Stretcher Pts in Vertical4,lagged_regressor_Stretcher Pts in Vertical5,lagged_regressor_Stretcher Pts in Vertical6,lagged_regressor_Stretcher Pts in Vertical7,lagged_regressor_Stretcher Pts in Vertical8,lagged_regressor_Stretcher Pts in Vertical9,lagged_regressor_Stretcher Pts in Vertical10,lagged_regressor_Stretcher Pts in Vertical11,lagged_regressor_Stretcher Pts in Vertical12,lagged_regressor_Stretcher Pts TBS in Vertical1,lagged_regressor_Stretcher Pts TBS in Vertical2,lagged_regressor_Stretcher Pts TBS in Vertical3,lagged_regressor_Stretcher Pts TBS in Vertical4,lagged_regressor_Stretcher Pts TBS in Vertical5,lagged_regressor_Stretcher Pts TBS in Vertical6,lagged_regressor_Stretcher Pts TBS in Vertical7,lagged_regressor_Stretcher Pts TBS in Vertical8,lagged_regressor_Stretcher Pts TBS in Vertical9,lagged_regressor_Stretcher Pts TBS in Vertical10,lagged_regressor_Stretcher Pts TBS in Vertical11,lagged_regressor_Stretcher Pts TBS in Vertical12,lagged_regressor_Stretcher Pts in Vertical on Lazyboy1,lagged_regressor_Stretcher Pts in Vertical on Lazyboy2,lagged_regressor_Stretcher Pts in Vertical on Lazyboy3,lagged_regressor_Stretcher Pts in Vertical on Lazyboy4,lagged_regressor_Stretcher Pts in Vertical on Lazyboy5,lagged_regressor_Stretcher Pts in Vertical on Lazyboy6,lagged_regressor_Stretcher Pts in Vertical on Lazyboy7,lagged_regressor_Stretcher Pts in Vertical on Lazyboy8,lagged_regressor_Stretcher Pts in Vertical on Lazyboy9,lagged_regressor_Stretcher Pts in Vertical on Lazyboy10,lagged_regressor_Stretcher Pts in Vertical on Lazyboy11,lagged_regressor_Stretcher Pts in Vertical on Lazyboy12,lagged_regressor_Vertical Pts Waiting for Results1,lagged_regressor_Vertical Pts Waiting for Results2,lagged_regressor_Vertical Pts Waiting for Results3,lagged_regressor_Vertical Pts Waiting for Results4,lagged_regressor_Vertical Pts Waiting for Results5,lagged_regressor_Vertical Pts Waiting for Results6,lagged_regressor_Vertical Pts Waiting for Results7,lagged_regressor_Vertical Pts Waiting for Results8,lagged_regressor_Vertical Pts Waiting for Results9,lagged_regressor_Vertical Pts Waiting for Results10,lagged_regressor_Vertical Pts Waiting for Results11,lagged_regressor_Vertical Pts Waiting for Results12,lagged_regressor_Ambulatory Pts in Vertical1,lagged_regressor_Ambulatory Pts in Vertical2,lagged_regressor_Ambulatory Pts in Vertical3,lagged_regressor_Ambulatory Pts in Vertical4,lagged_regressor_Ambulatory Pts in Vertical5,lagged_regressor_Ambulatory Pts in Vertical6,lagged_regressor_Ambulatory Pts in Vertical7,lagged_regressor_Ambulatory Pts in Vertical8,lagged_regressor_Ambulatory Pts in Vertical9,lagged_regressor_Ambulatory Pts in Vertical10,lagged_regressor_Ambulatory Pts in Vertical11,lagged_regressor_Ambulatory Pts in Vertical12,lagged_regressor_Ambulatory Pts TBS in Vertical1,lagged_regressor_Ambulatory Pts TBS in Vertical2,lagged_regressor_Ambulatory Pts TBS in Vertical3,lagged_regressor_Ambulatory Pts TBS in Vertical4,lagged_regressor_Ambulatory Pts TBS in Vertical5,lagged_regressor_Ambulatory Pts TBS in Vertical6,lagged_regressor_Ambulatory Pts TBS in Vertical7,lagged_regressor_Ambulatory Pts TBS in Vertical8,lagged_regressor_Ambulatory Pts TBS in Vertical9,lagged_regressor_Ambulatory Pts TBS in Vertical10,lagged_regressor_Ambulatory Pts TBS in Vertical11,lagged_regressor_Ambulatory Pts TBS in Vertical12,lagged_regressor_QTrack Patients TBS1,lagged_regressor_QTrack Patients TBS2,lagged_regressor_QTrack Patients TBS3,lagged_regressor_QTrack Patients TBS4,lagged_regressor_QTrack Patients TBS5,lagged_regressor_QTrack Patients TBS6,lagged_regressor_QTrack Patients TBS7,lagged_regressor_QTrack Patients TBS8,lagged_regressor_QTrack Patients TBS9,lagged_regressor_QTrack Patients TBS10,lagged_regressor_QTrack Patients TBS11,lagged_regressor_QTrack Patients TBS12,lagged_regressor_GARAGE patient TBS1,lagged_regressor_GARAGE patient TBS2,lagged_regressor_GARAGE patient TBS3,lagged_regressor_GARAGE patient TBS4,lagged_regressor_GARAGE patient TBS5,lagged_regressor_GARAGE patient TBS6,lagged_regressor_GARAGE patient TBS7,lagged_regressor_GARAGE patient TBS8,lagged_regressor_GARAGE patient TBS9,lagged_regressor_GARAGE patient TBS10,lagged_regressor_GARAGE patient TBS11,lagged_regressor_GARAGE patient TBS12,lagged_regressor_Consults > 2h in Vertical Except IM1,lagged_regressor_Consults > 2h in Vertical Except IM2,lagged_regressor_Consults > 2h in Vertical Except IM3,lagged_regressor_Consults > 2h in Vertical Except IM4,lagged_regressor_Consults > 2h in Vertical Except IM5,lagged_regressor_Consults > 2h in Vertical Except IM6,lagged_regressor_Consults > 2h in Vertical Except IM7,lagged_regressor_Consults > 2h in Vertical Except IM8,lagged_regressor_Consults > 2h in Vertical Except IM9,lagged_regressor_Consults > 2h in Vertical Except IM10,lagged_regressor_Consults > 2h in Vertical Except IM11,lagged_regressor_Consults > 2h in Vertical Except IM12,lagged_regressor_Consult for IM >4h in Vertical1,lagged_regressor_Consult for IM >4h in Vertical2,lagged_regressor_Consult for IM >4h in Vertical3,lagged_regressor_Consult for IM >4h in Vertical4,lagged_regressor_Consult for IM >4h in Vertical5,lagged_regressor_Consult for IM >4h in Vertical6,lagged_regressor_Consult for IM >4h in Vertical7,lagged_regressor_Consult for IM >4h in Vertical8,lagged_regressor_Consult for IM >4h in Vertical9,lagged_regressor_Consult for IM >4h in Vertical10,lagged_regressor_Consult for IM >4h in Vertical11,lagged_regressor_Consult for IM >4h in Vertical12,lagged_regressor_Plain films reqs > 2 hr in Vertical1,lagged_regressor_Plain films reqs > 2 hr in Vertical2,lagged_regressor_Plain films reqs > 2 hr in Vertical3,lagged_regressor_Plain films reqs > 2 hr in Vertical4,lagged_regressor_Plain films reqs > 2 hr in Vertical5,lagged_regressor_Plain films reqs > 2 hr in Vertical6,lagged_regressor_Plain films reqs > 2 hr in Vertical7,lagged_regressor_Plain films reqs > 2 hr in Vertical8,lagged_regressor_Plain films reqs > 2 hr in Vertical9,lagged_regressor_Plain films reqs > 2 hr in Vertical10,lagged_regressor_Plain films reqs > 2 hr in Vertical11,lagged_regressor_Plain films reqs > 2 hr in Vertical12,lagged_regressor_CTs reqs > 2 hrs in Vertical1,lagged_regressor_CTs reqs > 2 hrs in Vertical2,lagged_regressor_CTs reqs > 2 hrs in Vertical3,lagged_regressor_CTs reqs > 2 hrs in Vertical4,lagged_regressor_CTs reqs > 2 hrs in Vertical5,lagged_regressor_CTs reqs > 2 hrs in Vertical6,lagged_regressor_CTs reqs > 2 hrs in Vertical7,lagged_regressor_CTs reqs > 2 hrs in Vertical8,lagged_regressor_CTs reqs > 2 hrs in Vertical9,lagged_regressor_CTs reqs > 2 hrs in Vertical10,lagged_regressor_CTs reqs > 2 hrs in Vertical11,lagged_regressor_CTs reqs > 2 hrs in Vertical12,lagged_regressor_Psych Stretcher Pts1pt1,lagged_regressor_Psych Stretcher Pts1pt2,lagged_regressor_Psych Stretcher Pts1pt3,lagged_regressor_Psych Stretcher Pts1pt4,lagged_regressor_Psych Stretcher Pts1pt5,lagged_regressor_Psych Stretcher Pts1pt6,lagged_regressor_Psych Stretcher Pts1pt7,lagged_regressor_Psych Stretcher Pts1pt8,lagged_regressor_Psych Stretcher Pts1pt9,lagged_regressor_Psych Stretcher Pts1pt10,lagged_regressor_Psych Stretcher Pts1pt11,lagged_regressor_Psych Stretcher Pts1pt12,lagged_regressor_Psych pts waiting for admission1,lagged_regressor_Psych pts waiting for admission2,lagged_regressor_Psych pts waiting for admission3,lagged_regressor_Psych pts waiting for admission4,lagged_regressor_Psych pts waiting for admission5,lagged_regressor_Psych pts waiting for admission6,lagged_regressor_Psych pts waiting for admission7,lagged_regressor_Psych pts waiting for admission8,lagged_regressor_Psych pts waiting for admission9,lagged_regressor_Psych pts waiting for admission10,lagged_regressor_Psych pts waiting for admission11,lagged_regressor_Psych pts waiting for admission12,lagged_regressor_Total Pod TBS1,lagged_regressor_Total Pod TBS2,lagged_regressor_Total Pod TBS3,lagged_regressor_Total Pod TBS4,lagged_regressor_Total Pod TBS5,lagged_regressor_Total Pod TBS6,lagged_regressor_Total Pod TBS7,lagged_regressor_Total Pod TBS8,lagged_regressor_Total Pod TBS9,lagged_regressor_Total Pod TBS10,lagged_regressor_Total Pod TBS11,lagged_regressor_Total Pod TBS12,trend,season_weekly,season_daily,events_additive,event_Boxing Day,event_Boxing Day (Observed),event_Canada Day,event_Christmas Day,event_Christmas Day (Observed),event_Civic Holiday,event_Easter Monday,event_Family Day,event_Good Friday,event_Labour Day,event_New Year's Day,event_New Year's Day (Observed),event_Thanksgiving,event_Victoria Day
2023-01-15 08:00:00,,,1.7735357284545898,,,,,,,,,,,,,,,,,,,,,,,-0.12222325801849365,,,,,,,,,,,,3.2950892448425293,,,,,,,,,,,,-0.19451619684696198,,,,,,,,,,,,0.8575605154037476,,,,,,,,,,,,0.44111186265945435,,,,,,,,,,,,0.0057268161326646805,,,,,,,,,,,,0.07094889879226685,,,,,,,,,,,,-1.3504884243011475,,,,,,,,,,,,-0.4219621419906616,,,,,,,,,,,,0.363242506980896,,,,,,,,,,,,-0.012032046914100647,,,,,,,,,,,,0.0,,,,,,,,,,,,0.011616665869951248,,,,,,,,,,,,0.14837388694286346,,,,,,,,,,,,-0.0038914233446121216,,,,,,,,,,,,2.871817111968994,,,,,,,,,,,,0.0,,,,,,,,,,,,0.0,,,,,,,,,,,,0.0,,,,,,,,,,,,0.0,,,,,,,,,,,,-0.07253528386354446,,,,,,,,,,,,0.06066714599728584,,,,,,,,,,,,-37.28749084472656,,,,,,,,,,,,14.363115310668945,,,,,,,,,,,,0.0,,,,,,,,,,,,11.902795791625977,,,,,,,,,,,,0.0,,,,,,,,,,,,12.760294914245605,,,,,,,,,,,,-0.3818616271018982,,,,,,,,,,,,-1.3973006010055542,,,,,,,,,,,,-0.007001497317105532,,,,,,,,,,,,0.22071941196918488,,,,,,,,,,,,0.12589913606643677,,,,,,,,,,,,0.22478273510932922,,,,,,,,,,,,-0.6987924575805664,,,,,,,,,,,,0.3518640697002411,,,,,,,,,,,,-0.272116482257843,,,,,,,,,,,,-0.38794681429862976,,,,,,,,,,,,-0.5785421133041382,,,,,,,,,,,,1.5732260942459106,,,,,,,,,,,,0.0,,,,,,,,,,,,0.0,,,,,,,,,,,,-0.2618953585624695,,,,,,,,,,,,0.0,,,,,,,,,,,,-0.00805128738284111,,,,,,,,,,,,0.1493149995803833,,,,,,,,,,,,-0.5905600786209106,,,,,,,,,,,,-0.3436415195465088,,,,,,,,,,,,0.4640769958496094,,,,,,,,,,,,0.6733057498931885,-1.9849531650543213,0.38865408301353455,0.0,0.0,0.0,0.0,0.0,0.0,0.0,0.0,0.0,0.0,0.0,0.0,0.0,0.0,0.0
2023-01-15 09:00:00,,,,,2.819765329360962,,,,,,,,,,,,,,,,,,,,,,0.4079881012439728,,,,,,,,,,,,4.809778690338135,,,,,,,,,,,,-3.5579209327697754,,,,,,,,,,,,-2.9213063716888428,,,,,,,,,,,,-0.2404659390449524,,,,,,,,,,,,-1.323237657546997,,,,,,,,,,,,-0.04576887935400009,,,,,,,,,,,,4.005247116088867,,,,,,,,,,,,0.39980337023735046,,,,,,,,,,,,0.2034398317337036,,,,,,,,,,,,0.06356552988290787,,,,,,,,,,,,0.0,,,,,,,,,,,,0.027919378131628036,,,,,,,,,,,,0.04864833503961563,,,,,,,,,,,,-0.06661701202392578,,,,,,,,,,,,-9.62135124206543,,,,,,,,,,,,0.0,,,,,,,,,,,,0.0,,,,,,,,,,,,0.0,,,,,,,,,,,,0.0,,,,,,,,,,,,-0.04152718931436539,,,,,,,,,,,,0.3971613645553589,,,,,,,,,,,,-13.763248443603516,,,,,,,,,,,,8.834291458129883,,,,,,,,,,,,0.0,,,,,,,,,,,,5.7025837898254395,,,,,,,,,,,,0.0,,,,,,,,,,,,6.134244441986084,,,,,,,,,,,,-2.714073657989502,,,,,,,,,,,,-0.5230039358139038,,,,,,,,,,,,0.00471187848597765,,,,,,,,,,,,0.16172362864017487,,,,,,,,,,,,0.06150869280099869,,,,,,,,,,,,0.2195364087820053,,,,,,,,,,,,2.4199652671813965,,,,,,,,,,,,0.9361525177955627,,,,,,,,,,,,0.15419384837150574,,,,,,,,,,,,-0.1193896234035492,,,,,,,,,,,,-0.36139512062072754,,,,,,,,,,,,3.703225612640381,,,,,,,,,,,,0.0,,,,,,,,,,,,0.0,,,,,,,,,,,,-0.08086225390434265,,,,,,,,,,,,0.0,,,,,,,,,,,,0.03386703133583069,,,,,,,,,,,,0.07735666632652283,,,,,,,,,,,,2.5573740005493164,,,,,,,,,,,,-0.0945974588394165,,,,,,,,,,,,2.7920169830322266,,,,,,,,,,,0.6710960865020752,-1.971531629562378,0.6564327478408813,0.0,0.0,0.0,0.0,0.0,0.0,0.0,0.0,0.0,0.0,0.0,0.0,0.0,0.0,0.0
2023-01-15 10:00:00,,,,,,,4.313836574554443,,,,,,,,,,,,,,,,,,,,,1.5172768831253052,,,,,,,,,,,,6.959071159362793,,,,,,,,,,,,7.198599338531494,,,,,,,,,,,,0.7284130454063416,,,,,,,,,,,,-0.35724031925201416,,,,,,,,,,,,-0.06773579120635986,,,,,,,,,,,,-0.04391782358288765,,,,,,,,,,,,-0.7216800451278687,,,,,,,,,,,,0.5257876515388489,,,,,,,,,,,,0.1778317391872406,,,,,,,,,,,,0.006702996790409088,,,,,,,,,,,,0.0,,,,,,,,,,,,0.03629457205533981,,,,,,,,,,,,0.13283126056194305,,,,,,,,,,,,0.014845550060272217,,,,,,,,,,,,-22.649898529052734,,,,,,,,,,,,0.0,,,,,,,,,,,,0.0,,,,,,,,,,,,0.0,,,,,,,,,,,,0.0,,,,,,,,,,,,0.05872175469994545,,,,,,,,,,,,0.7444255352020264,,,,,,,,,,,,9.3228759765625,,,,,,,,,,,,1.9892736673355103,,,,,,,,,,,,0.0,,,,,,,,,,,,0.21881550550460815,,,,,,,,,,,,0.0,,,,,,,,,,,,0.46508699655532837,,,,,,,,,,,,-1.406426191329956,,,,,,,,,,,,0.27481693029403687,,,,,,,,,,,,0.005362635478377342,,,,,,,,,,,,0.12131769210100174,,,,,,,,,,,,0.011277560144662857,,,,,,,,,,,,0.5343204736709595,,,,,,,,,,,,5.8034257888793945,,,,,,,,,,,,-1.5585060119628906,,,,,,,,,,,,0.5810157060623169,,,,,,,,,,,,0.18761654198169708,,,,,,,,,,,,-0.4563415050506592,,,,,,,,,,,,-4.349600791931152,,,,,,,,,,,,0.0,,,,,,,,,,,,0.0,,,,,,,,,,,,0.04415706545114517,,,,,,,,,,,,0.0,,,,,,,,,,,,-0.029529979452490807,,,,,,,,,,,,0.03533289209008217,,,,,,,,,,,,5.77390193939209,,,,,,,,,,,,0.08177929371595383,,,,,,,,,,,,1.4619333744049072,,,,,,,,,,0.6688930988311768,-1.943946123123169,0.6930009126663208,0.0,0.0,0.0,0.0,0.0,0.0,0.0,0.0,0.0,0.0,0.0,0.0,0.0,0.0,0.0
2023-01-15 11:00:00,,,,,,,,,7.580333709716797,,,,,,,,,,,,,,,,,,,,4.371873378753662,,,,,,,,,,,,10.733485221862793,,,,,,,,,,,,1.1844844818115234,,,,,,,,,,,,-1.728157639503479,,,,,,,,,,,,0.4656774401664734,,,,,,,,,,,,-1.5006307363510132,,,,,,,,,,,,0.06247107684612274,,,,,,,,,,,,3.3453874588012695,,,,,,,,,,,,-0.4007045328617096,,,,,,,,,,,,0.24549341201782227,,,,,,,,,,,,-0.17303764820098877,,,,,,,,,,,,0.0,,,,,,,,,,,,0.031017422676086426,,,,,,,,,,,,0.04293486103415489,,,,,,,,,,,,0.447417676448822,,,,,,,,,,,,-14.926660537719727,,,,,,,,,,,,0.0,,,,,,,,,,,,0.0,,,,,,,,,,,,0.0,,,,,,,,,,,,0.0,,,,,,,,,,,,0.2200169861316681,,,,,,,,,,,,0.45388874411582947,,,,,,,,,,,,1.4763927459716797,,,,,,,,,,,,3.5055692195892334,,,,,,,,,,,,0.0,,,,,,,,,,,,2.243072032928467,,,,,,,,,,,,0.0,,,,,,,,,,,,2.1608147621154785,,,,,,,,,,,,-1.9637579917907715,,,,,,,,,,,,0.9225617051124573,,,,,,,,,,,,0.007061080075800419,,,,,,,,,,,,0.09877004474401474,,,,,,,,,,,,-0.022465184330940247,,,,,,,,,,,,0.2580660581588745,,,,,,,,,,,,3.4815094470977783,,,,,,,,,,,,-0.2748744487762451,,,,,,,,,,,,0.8034729361534119,,,,,,,,,,,,0.4572494328022003,,,,,,,,,,,,-0.13790327310562134,,,,,,,,,,,,-0.17471042275428772,,,,,,,,,,,,0.0,,,,,,,,,,,,0.0,,,,,,,,,,,,0.17733383178710938,,,,,,,,,,,,0.0,,,,,,,,,,,,-0.004914213437587023,,,,,,,,,,,,0.03386722505092621,,,,,,,,,,,,3.3632378578186035,,,,,,,,,,,,0.27989453077316284,,,,,,,,,,,,2.029045581817627,,,,,,,,,0.6666834354400635,-1.9023516178131104,2.327110528945923,0.0,0.0,0.0,0.0,0.0,0.0,0.0,0.0,0.0,0.0,0.0,0.0,0.0,0.0,0.0
2023-01-15 12:00:00,,,,,,,,,,,10.37906265258789,,,,,,,,,,,,,,,,,,,6.518688201904297,,,,,,,,,,,,13.917561531066895,,,,,,,,,,,,-0.8040041327476501,,,,,,,,,,,,-0.16932286322116852,,,,,,,,,,,,0.06598307937383652,,,,,,,,,,,,-0.8222695589065552,,,,,,,,,,,,-0.010476278141140938,,,,,,,,,,,,1.306991457939148,,,,,,,,,,,,-0.030739814043045044,,,,,,,,,,,,-0.005674827378243208,,,,,,,,,,,,0.10255090147256851,,,,,,,,,,,,0.0,,,,,,,,,,,,0.03622949868440628,,,,,,,,,,,,0.08633896708488464,,,,,,,,,,,,0.5515773296356201,,,,,,,,,,,,-10.583486557006836,,,,,,,,,,,,0.0,,,,,,,,,,,,0.0,,,,,,,,,,,,0.0,,,,,,,,,,,,0.0,,,,,,,,,,,,0.2842063307762146,,,,,,,,,,,,0.24655944108963013,,,,,,,,,,,,-2.710049629211426,,,,,,,,,,,,3.800297260284424,,,,,,,,,,,,0.0,,,,,,,,,,,,2.7285728454589844,,,,,,,,,,,,0.0,,,,,,,,,,,,3.047222852706909,,,,,,,,,,,,-2.7208728790283203,,,,,,,,,,,,1.6231708526611328,,,,,,,,,,,,0.014390815049409866,,,,,,,,,,,,0.06558163464069366,,,,,,,,,,,,-0.10128606855869293,,,,,,,,,,,,0.37715959548950195,,,,,,,,,,,,2.5457205772399902,,,,,,,,,,,,0.17960217595100403,,,,,,,,,,,,1.2196073532104492,,,,,,,,,,,,0.7040671706199646,,,,,,,,,,,,-0.5953874588012695,,,,,,,,,,,,1.441148042678833,,,,,,,,,,,,0.0,,,,,,,,,,,,0.0,,,,,,,,,,,,0.37651708722114563,,,,,,,,,,,,0.0,,,,,,,,,,,,0.038513559848070145,,,,,,,,,,,,-0.05186313018202782,,,,,,,,,,,,1.735080361366272,,,,,,,,,,,,0.5995357036590576,,,,,,,,,,,,2.806171178817749,,,,,,,,0.664480447769165,-1.8470432758331299,4.184262275695801,0.0,0.0,0.0,0.0,0.0,0.0,0.0,0.0,0.0,0.0,0.0,0.0,0.0,0.0,0.0
2023-01-15 13:00:00,,,,,,,,,,,,,12.579973220825195,,,,,,,,,,,,,,,,,,8.481640815734863,,,,,,,,,,,,16.770538330078125,,,,,,,,,,,,9.325711250305176,,,,,,,,,,,,-2.7710447311401367,,,,,,,,,,,,0.5936586856842041,,,,,,,,,,,,-1.56600022315979,,,,,,,,,,,,0.01126870047301054,,,,,,,,,,,,4.686988353729248,,,,,,,,,,,,-0.7033654451370239,,,,,,,,,,,,-0.07636379450559616,,,,,,,,,,,,0.13126742839813232,,,,,,,,,,,,0.0,,,,,,,,,,,,0.0259716734290123,,,,,,,,,,,,0.15431392192840576,,,,,,,,,,,,0.8045772314071655,,,,,,,,,,,,-19.437217712402344,,,,,,,,,,,,0.0,,,,,,,,,,,,0.0,,,,,,,,,,,,0.0,,,,,,,,,,,,0.0,,,,,,,,,,,,0.32421448826789856,,,,,,,,,,,,0.507596492767334,,,,,,,,,,,,7.057530403137207,,,,,,,,,,,,2.810025453567505,,,,,,,,,,,,0.0,,,,,,,,,,,,1.7571157217025757,,,,,,,,,,,,0.0,,,,,,,,,,,,1.8508906364440918,,,,,,,,,,,,-2.2184360027313232,,,,,,,,,,,,2.0724425315856934,,,,,,,,,,,,-0.0013704979792237282,,,,,,,,,,,,0.026531586423516273,,,,,,,,,,,,-0.1334351897239685,,,,,,,,,,,,-0.13036507368087769,,,,,,,,,,,,3.4321041107177734,,,,,,,,,,,,-2.158569574356079,,,,,,,,,,,,1.3977200984954834,,,,,,,,,,,,0.8189857006072998,,,,,,,,,,,,-0.7454766035079956,,,,,,,,,,,,-5.938473701477051,,,,,,,,,,,,0.0,,,,,,,,,,,,0.0,,,,,,,,,,,,0.46247023344039917,,,,,,,,,,,,0.0,,,,,,,,,,,,-0.05693935602903366,,,,,,,,,,,,-0.085966095328331,,,,,,,,,,,,3.9359569549560547,,,,,,,,,,,,0.6244813799858093,,,,,,,,,,,,2.3591995239257812,,,,,,,0.6622774600982666,-1.778452754020691,4.548149585723877,0.0,0.0,0.0,0.0,0.0,0.0,0.0,0.0,0.0,0.0,0.0,0.0,0.0,0.0,0.0
2023-01-15 14:00:00,,,,,,,,,,,,,,,13.866329193115234,,,,,,,,,,,,,,,,,9.338946342468262,,,,,,,,,,,,18.1660099029541,,,,,,,,,,,,-6.269129276275635,,,,,,,,,,,,1.6770187616348267,,,,,,,,,,,,-2.0727880001068115,,,,,,,,,,,,0.41368427872657776,,,,,,,,,,,,-0.2728026807308197,,,,,,,,,,,,-1.5303375720977783,,,,,,,,,,,,2.0441734790802,,,,,,,,,,,,-0.11522967368364334,,,,,,,,,,,,0.17825879156589508,,,,,,,,,,,,0.0,,,,,,,,,,,,0.019627731293439865,,,,,,,,,,,,0.061448290944099426,,,,,,,,,,,,1.0346901416778564,,,,,,,,,,,,4.125673294067383,,,,,,,,,,,,0.0,,,,,,,,,,,,0.0,,,,,,,,,,,,0.0,,,,,,,,,,,,0.0,,,,,,,,,,,,0.3414370119571686,,,,,,,,,,,,-0.2520240843296051,,,,,,,,,,,,-24.62939453125,,,,,,,,,,,,11.4202880859375,,,,,,,,,,,,0.0,,,,,,,,,,,,7.990200996398926,,,,,,,,,,,,0.0,,,,,,,,,,,,9.217377662658691,,,,,,,,,,,,-4.502554893493652,,,,,,,,,,,,2.323793888092041,,,,,,,,,,,,-0.011326156556606293,,,,,,,,,,,,0.005820623133331537,,,,,,,,,,,,-0.15156039595603943,,,,,,,,,,,,-0.16160690784454346,,,,,,,,,,,,-2.806492328643799,,,,,,,,,,,,1.6868877410888672,,,,,,,,,,,,1.5622365474700928,,,,,,,,,,,,0.9772987365722656,,,,,,,,,,,,-1.1007254123687744,,,,,,,,,,,,5.960710048675537,,,,,,,,,,,,0.0,,,,,,,,,,,,0.0,,,,,,,,,,,,0.5140243768692017,,,,,,,,,,,,0.0,,,,,,,,,,,,-0.054397016763687134,,,,,,,,,,,,-0.06419380009174347,,,,,,,,,,,,-2.658876895904541,,,,,,,,,,,,0.753401517868042,,,,,,,,,,,,4.616849899291992,,,,,,0.6600677967071533,-1.697143793106079,4.631941318511963,0.0,0.0,0.0,0.0,0.0,0.0,0.0,0.0,0.0,0.0,0.0,0.0,0.0,0.0,0.0
2023-01-15 15:00:00,,,,,,,,,,,,,,,,,16.072254180908203,,,,,,,,,,,,,,,,11.157015800476074,,,,,,,,,,,,20.497652053833008,,,,,,,,,,,,-6.163914680480957,,,,,,,,,,,,-0.22666141390800476,,,,,,,,,,,,0.2211531549692154,,,,,,,,,,,,-0.04534730687737465,,,,,,,,,,,,0.018366480246186256,,,,,,,,,,,,0.7477886080741882,,,,,,,,,,,,-0.5919567346572876,,,,,,,,,,,,-0.329536497592926,,,,,,,,,,,,0.3684864640235901,,,,,,,,,,,,0.0,,,,,,,,,,,,0.009996797889471054,,,,,,,,,,,,0.09915701299905777,,,,,,,,,,,,1.2924436330795288,,,,,,,,,,,,-10.4490327835083,,,,,,,,,,,,0.0,,,,,,,,,,,,0.0,,,,,,,,,,,,0.0,,,,,,,,,,,,0.0,,,,,,,,,,,,0.29638558626174927,,,,,,,,,,,,0.20547330379486084,,,,,,,,,,,,-10.615267753601074,,,,,,,,,,,,8.461181640625,,,,,,,,,,,,0.0,,,,,,,,,,,,5.792644023895264,,,,,,,,,,,,0.0,,,,,,,,,,,,7.082083702087402,,,,,,,,,,,,1.1150214672088623,,,,,,,,,,,,3.205108880996704,,,,,,,,,,,,0.005669042468070984,,,,,,,,,,,,-0.020132698118686676,,,,,,,,,,,,-0.18520711362361908,,,,,,,,,,,,-0.10016141086816788,,,,,,,,,,,,0.4921472370624542,,,,,,,,,,,,1.8963357210159302,,,,,,,,,,,,1.9106810092926025,,,,,,,,,,,,1.13166081905365,,,,,,,,,,,,-2.085885524749756,,,,,,,,,,,,6.213237285614014,,,,,,,,,,,,0.0,,,,,,,,,,,,0.0,,,,,,,,,,,,0.633843183517456,,,,,,,,,,,,0.0,,,,,,,,,,,,0.0015522114699706435,,,,,,,,,,,,-0.07054467499256134,,,,,,,,,,,,0.8800902366638184,,,,,,,,,,,,1.1013531684875488,,,,,,,,,,,,-0.9940532445907593,,,,,0.65785813331604,-1.6038050651550293,5.714041709899902,0.0,0.0,0.0,0.0,0.0,0.0,0.0,0.0,0.0,0.0,0.0,0.0,0.0,0.0,0.0
2023-01-15 16:00:00,,,,,,,,,,,,,,,,,,,17.5954532623291,,,,,,,,,,,,,,,12.715388298034668,,,,,,,,,,,,21.974502563476562,,,,,,,,,,,,2.3061325550079346,,,,,,,,,,,,3.260840654373169,,,,,,,,,,,,0.35367777943611145,,,,,,,,,,,,0.9859607219696045,,,,,,,,,,,,-0.0329277440905571,,,,,,,,,,,,-3.7252042293548584,,,,,,,,,,,,-0.8492365479469299,,,,,,,,,,,,-0.45747458934783936,,,,,,,,,,,,0.4045567214488983,,,,,,,,,,,,0.0,,,,,,,,,,,,-0.004355510696768761,,,,,,,,,,,,0.15078580379486084,,,,,,,,,,,,1.2934846878051758,,,,,,,,,,,,-10.47339916229248,,,,,,,,,,,,0.0,,,,,,,,,,,,0.0,,,,,,,,,,,,0.0,,,,,,,,,,,,0.0,,,,,,,,,,,,0.22803297638893127,,,,,,,,,,,,0.18868356943130493,,,,,,,,,,,,-16.297861099243164,,,,,,,,,,,,11.245534896850586,,,,,,,,,,,,0.0,,,,,,,,,,,,7.412703037261963,,,,,,,,,,,,0.0,,,,,,,,,,,,9.080012321472168,,,,,,,,,,,,2.4484996795654297,,,,,,,,,,,,3.5372867584228516,,,,,,,,,,,,0.008677015081048012,,,,,,,,,,,,-0.03158458322286606,,,,,,,,,,,,-0.2092343121767044,,,,,,,,,,,,0.11294364184141159,,,,,,,,,,,,0.4820762872695923,,,,,,,,,,,,-0.06155139207839966,,,,,,,,,,,,1.953652024269104,,,,,,,,,,,,1.2152453660964966,,,,,,,,,,,,-1.7640511989593506,,,,,,,,,,,,-0.5951744914054871,,,,,,,,,,,,0.0,,,,,,,,,,,,0.0,,,,,,,,,,,,0.6541188359260559,,,,,,,,,,,,0.0,,,,,,,,,,,,0.032521799206733704,,,,,,,,,,,,-0.06673896312713623,,,,,,,,,,,,0.7220456600189209,,,,,,,,,,,,1.2987674474716187,,,,,,,,,,,,-2.2640609741210938,,,,0.6556551456451416,-1.4992437362670898,5.895654678344727,0.0,0.0,0.0,0.0,0.0,0.0,0.0,0.0,0.0,0.0,0.0,0.0,0.0,0.0,0.0
2023-01-15 17:00:00,,,,,,,,,,,,,,,,,,,,,15.653825759887695,,,,,,,,,,,,,,10.779834747314453,,,,,,,,,,,,20.065662384033203,,,,,,,,,,,,10.394746780395508,,,,,,,,,,,,-1.5024336576461792,,,,,,,,,,,,-0.9615273475646973,,,,,,,,,,,,-0.6090259552001953,,,,,,,,,,,,-0.1376264989376068,,,,,,,,,,,,2.6241350173950195,,,,,,,,,,,,0.5018137693405151,,,,,,,,,,,,-0.40851539373397827,,,,,,,,,,,,0.34536275267601013,,,,,,,,,,,,0.0,,,,,,,,,,,,-0.018122468143701553,,,,,,,,,,,,0.1691143810749054,,,,,,,,,,,,1.4729337692260742,,,,,,,,,,,,-6.359572410583496,,,,,,,,,,,,0.0,,,,,,,,,,,,0.0,,,,,,,,,,,,0.0,,,,,,,,,,,,0.0,,,,,,,,,,,,0.18160361051559448,,,,,,,,,,,,0.06844116747379303,,,,,,,,,,,,-26.78837013244629,,,,,,,,,,,,14.341948509216309,,,,,,,,,,,,0.0,,,,,,,,,,,,10.195172309875488,,,,,,,,,,,,0.0,,,,,,,,,,,,12.220987319946289,,,,,,,,,,,,-0.3870915174484253,,,,,,,,,,,,4.187653541564941,,,,,,,,,,,,0.03808180242776871,,,,,,,,,,,,-0.008414129726588726,,,,,,,,,,,,-0.2174583524465561,,,,,,,,,,,,0.16200396418571472,,,,,,,,,,,,-0.7332040667533875,,,,,,,,,,,,-2.044081687927246,,,,,,,,,,,,2.1510114669799805,,,,,,,,,,,,1.3261810541152954,,,,,,,,,,,,-2.393324613571167,,,,,,,,,,,,-6.658012866973877,,,,,,,,,,,,0.0,,,,,,,,,,,,0.0,,,,,,,,,,,,0.6213648915290833,,,,,,,,,,,,0.0,,,,,,,,,,,,0.016468364745378494,,,,,,,,,,,,-0.07857858389616013,,,,,,,,,,,,-0.884553074836731,,,,,,,,,,,,1.6857190132141113,,,,,,,,,,,,0.5569265484809875,,,0.6534521579742432,-1.3843753337860107,3.312988519668579,0.0,0.0,0.0,0.0,0.0,0.0,0.0,0.0,0.0,0.0,0.0,0.0,0.0,0.0,0.0
2023-01-15 18:00:00,,,,,,,,,,,,,,,,,,,,,,,13.277726173400879,,,,,,,,,,,,,8.942411422729492,,,,,,,,,,,,17.679821014404297,,,,,,,,,,,,-2.6307973861694336,,,,,,,,,,,,-0.3176425099372864,,,,,,,,,,,,0.2732684016227722,,,,,,,,,,,,0.1273578703403473,,,,,,,,,,,,0.03984331339597702,,,,,,,,,,,,0.5535438060760498,,,,,,,,,,,,-0.8388575315475464,,,,,,,,,,,,-0.6580811738967896,,,,,,,,,,,,0.40836313366889954,,,,,,,,,,,,0.0,,,,,,,,,,,,-0.032889317721128464,,,,,,,,,,,,0.1772310435771942,,,,,,,,,,,,1.7506673336029053,,,,,,,,,,,,-10.309938430786133,,,,,,,,,,,,0.0,,,,,,,,,,,,0.0,,,,,,,,,,,,0.0,,,,,,,,,,,,0.0,,,,,,,,,,,,0.1317308396100998,,,,,,,,,,,,0.2385389804840088,,,,,,,,,,,,-23.59383773803711,,,,,,,,,,,,13.751543998718262,,,,,,,,,,,,0.0,,,,,,,,,,,,9.635189056396484,,,,,,,,,,,,0.0,,,,,,,,,,,,12.041794776916504,,,,,,,,,,,,3.6429526805877686,,,,,,,,,,,,4.8531880378723145,,,,,,,,,,,,0.07722935080528259,,,,,,,,,,,,0.012338089756667614,,,,,,,,,,,,-0.2571783661842346,,,,,,,,,,,,0.16156521439552307,,,,,,,,,,,,0.41001468896865845,,,,,,,,,,,,0.675182044506073,,,,,,,,,,,,2.255510091781616,,,,,,,,,,,,1.3952317237854004,,,,,,,,,,,,-2.4907922744750977,,,,,,,,,,,,3.5364432334899902,,,,,,,,,,,,0.0,,,,,,,,,,,,0.0,,,,,,,,,,,,0.5986736416816711,,,,,,,,,,,,0.0,,,,,,,,,,,,-0.002812636084854603,,,,,,,,,,,,-0.09361285716295242,,,,,,,,,,,,-0.07161284983158112,,,,,,,,,,,,1.954193115234375,,,,,,,,,,,,-3.5029969215393066,,0.6512424945831299,-1.2602136135101318,-0.01384977251291275,0.0,0.0,0.0,0.0,0.0,0.0,0.0,0.0,0.0,0.0,0.0,0.0,0.0,0.0,0.0
2023-01-15 19:00:00,,,,,,,,,,,,,,,,,,,,,,,,,12.583870887756348,,,,,,,,,,,,8.411971092224121,,,,,,,,,,,,16.59811782836914,,,,,,,,,,,,1.7182250022888184,,,,,,,,,,,,-1.4366289377212524,,,,,,,,,,,,-1.3090531826019287,,,,,,,,,,,,-0.6359228491783142,,,,,,,,,,,,-0.22139935195446014,,,,,,,,,,,,2.263118267059326,,,,,,,,,,,,1.1253225803375244,,,,,,,,,,,,-0.4707578122615814,,,,,,,,,,,,0.16880236566066742,,,,,,,,,,,,0.0,,,,,,,,,,,,-0.04511053487658501,,,,,,,,,,,,0.20944936573505402,,,,,,,,,,,,1.661738634109497,,,,,,,,,,,,-28.494386672973633,,,,,,,,,,,,0.0,,,,,,,,,,,,0.0,,,,,,,,,,,,0.0,,,,,,,,,,,,0.0,,,,,,,,,,,,-0.03136073425412178,,,,,,,,,,,,0.9056594967842102,,,,,,,,,,,,-2.1516542434692383,,,,,,,,,,,,9.072114944458008,,,,,,,,,,,,0.0,,,,,,,,,,,,5.845699310302734,,,,,,,,,,,,0.0,,,,,,,,,,,,7.761972427368164,,,,,,,,,,,,-1.1110910177230835,,,,,,,,,,,,5.0223069190979,,,,,,,,,,,,0.10098214447498322,,,,,,,,,,,,0.023671744391322136,,,,,,,,,,,,-0.271331787109375,,,,,,,,,,,,0.1709955930709839,,,,,,,,,,,,5.167696952819824,,,,,,,,,,,,-0.7046808004379272,,,,,,,,,,,,2.1322975158691406,,,,,,,,,,,,1.2413132190704346,,,,,,,,,,,,-2.069518804550171,,,,,,,,,,,,-0.12532444298267365,,,,,,,,,,,,0.0,,,,,,,,,,,,0.0,,,,,,,,,,,,0.37484368681907654,,,,,,,,,,,,0.0,,,,,,,,,,,,0.07691775262355804,,,,,,,,,,,,-0.10155375301837921,,,,,,,,,,,,5.012809753417969,,,,,,,,,,,,2.102595567703247,,,,,,,,,,,,1.2898728847503662,0.6490328311920166,-1.1278592348098755,-1.2059332132339478,0.0,0.0,0.0,0.0,0.0,0.0,0.0,0.0,0.0,0.0,0.0,0.0,0.0,0.0,0.0
